AUTHORID,AUTHORNAME,NATIONALITY,BIOGRAPHY
63,"Test Author Workflow Updated","British","A test author."
64,"Audit Author 1790691586 Edited","British","Test bio."
65,"Test Author Workflow","Indian","A test author."
66,"Test Author Workflow","Indian","A test author."
1,"Robert C. Martin","American","Software engineer and author of Clean Code."
2,"Martin Fowler","British","Software developer, author, and speaker on software architecture."
3,"J.K. Rowling","British","Author of the Harry Potter series."
4,"George R.R. Martin","American","Author of A Song of Ice and Fire."
5,"Abraham Silberschatz","American","Computer scientist and author of Database System Concepts."
31,"Test Author","India",
62,"Test Author Workflow Updated","British","A test author."
6,"Author Name 6","USA","Biography 6"
7,"Author Name 7","USA","Biography 7"
8,"Author Name 8","USA","Biography 8"
9,"Author Name 9","USA","Biography 9"
10,"Author Name 10","USA","Biography 10"
11,"Author Name 11","USA","Biography 11"
12,"Author Name 12","USA","Biography 12"
13,"Author Name 13","USA","Biography 13"
14,"Author Name 14","USA","Biography 14"
15,"Author Name 15","USA","Biography 15"
16,"Author Name 16","USA","Biography 16"
17,"Author Name 17","USA","Biography 17"
18,"Author Name 18","USA","Biography 18"
19,"Author Name 19","USA","Biography 19"
20,"Author Name 20","USA","Biography 20"
21,"Author Name 21","USA","Biography 21"
22,"Author Name 22","USA","Biography 22"
23,"Author Name 23","USA","Biography 23"
24,"Author Name 24","USA","Biography 24"
25,"Author Name 25","USA","Biography 25"
26,"Author Name 26","USA","Biography 26"
27,"Author Name 27","USA","Biography 27"
28,"Author Name 28","USA","Biography 28"
29,"Author Name 29","USA","Biography 29"
30,"Author Name 30","USA","Biography 30"
32,"George Orwell","British","Author of 1984 and Animal Farm, known for dystopian fiction."
33,"J.K. Rowling","British","Creator of the Harry Potter fantasy series."
34,"Stephen King","American","Prolific author of horror, thriller, and fantasy novels."
35,"Agatha Christie","British","Queen of Crime, creator of Poirot and Miss Marple."
36,"Ernest Hemingway","American","Nobel Prize winner known for minimalist prose style."
37,"F. Scott Fitzgerald","American","Chronicler of the Jazz Age, author of The Great Gatsby."
38,"Toni Morrison","American","Nobel laureate exploring African American experience."
39,"Gabriel Garcia Marquez","Colombian","Pioneer of magical realism, author of 100 Years of Solitude."
40,"Haruki Murakami","Japanese","Contemporary Japanese author blending magical realism with pop culture."
41,"Chimamanda Ngozi Adichie","Nigerian","Feminist author exploring identity, race, and culture."
42,"Kazuo Ishiguro","British-Japanese","Nobel laureate known for subtle, introspective narratives."
43,"Jhumpa Lahiri","American","Pulitzer Prize winner exploring the Indian-American experience."
44,"Neil Gaiman","British","Fantasy and graphic novel author, creator of American Gods."
45,"Terry Pratchett","British","Creator of the Discworld series of comedic fantasy."
46,"Margaret Atwood","Canadian","Speculative fiction author, known for The Handmaid's Tale."
47,"Cormac McCarthy","American","Known for stark, violent portrayals of American landscapes."
48,"Donna Tartt","American","Author of literary mysteries including The Secret History."
49,"Anthony Doerr","American","Pulitzer winner, author of All the Light We Cannot See."
50,"Colson Whitehead","American","Two-time Pulitzer winner exploring race in American history."
51,"Zadie Smith","British","Acclaimed novelist known for White Teeth and NW."
52,"Jonathan Franzen","American","Author of complex family dramas like The Corrections."
53,"David Mitchell","British","Structural innovator known for Cloud Atlas."
54,"Salman Rushdie","British-Indian","Postcolonial author known for Midnight Children."
55,"Ian McEwan","British","Psychological fiction writer, known for Atonement."
56,"Arundhati Roy","Indian","Booker Prize winner and political activist."
57,"Aldous Huxley","British","Author of Brave New World and Point Counter Point."
58,"Ray Bradbury","American","Science fiction master known for Fahrenheit 451."
59,"Harper Lee","American","Author of To Kill a Mockingbird and Go Set a Watchman."
60,"John Steinbeck","American","Nobel laureate depicting the struggles of working-class Americans."
61,"Joseph Heller","American","Author of the satirical anti-war novel Catch-22."
