COPYID,BOOKID,BRANCHID,LOCATIONID,ACCESSIONNO,STATUS,SHELFLOCATION,DATEACQUIRED
9,35,,,,"Issued",,"2026-09-29T09:41:23.000Z"
10,57,,,,"Issued",,"2026-09-29T09:41:23.000Z"
11,31,,,,"Issued",,"2026-09-29T09:41:23.000Z"
14,45,,,,"Available",,"2026-09-29T09:41:24.000Z"
16,50,,,,"Issued",,"2026-09-29T09:41:24.000Z"
17,12,,,,"Issued",,"2026-09-29T09:41:24.000Z"
21,57,,,,"Available",,"2026-09-29T09:41:24.000Z"
22,9,,,,"Available",,"2026-09-29T09:41:24.000Z"
23,52,,,,"Available",,"2026-09-29T09:41:24.000Z"
24,33,,,,"Available",,"2026-09-29T09:41:24.000Z"
26,40,,,,"Available",,"2026-09-29T09:41:24.000Z"
28,16,,,,"Available",,"2026-09-29T09:41:24.000Z"
29,12,,,,"Issued",,"2026-09-29T09:41:24.000Z"
31,31,,,,"Available",,"2026-09-29T09:41:24.000Z"
33,16,,,,"Issued",,"2026-09-29T09:41:24.000Z"
34,20,,,,"Issued",,"2026-09-29T09:41:24.000Z"
35,18,,,,"Available",,"2026-09-29T09:41:24.000Z"
37,16,,,,"Issued",,"2026-09-29T09:41:24.000Z"
38,11,,,,"Available",,"2026-09-29T09:41:24.000Z"
39,51,,,,"Issued",,"2026-09-29T09:41:24.000Z"
40,35,,,,"Available",,"2026-09-29T09:41:24.000Z"
41,55,,,,"Issued",,"2026-09-29T09:41:24.000Z"
42,48,,,,"Available",,"2026-09-29T09:41:24.000Z"
43,29,,,,"Available",,"2026-09-29T09:41:24.000Z"
45,43,,,,"Available",,"2026-09-29T09:41:24.000Z"
48,30,,,,"Issued",,"2026-09-29T09:41:24.000Z"
50,54,,,,"Available",,"2026-09-29T09:41:24.000Z"
51,11,,,,"Issued",,"2026-09-29T09:41:24.000Z"
52,46,,,,"Available",,"2026-09-29T09:41:24.000Z"
53,15,,,,"Available",,"2026-09-29T09:41:24.000Z"
55,39,,,,"Issued",,"2026-09-29T09:41:24.000Z"
58,58,,,,"Issued",,"2026-09-29T09:41:24.000Z"
59,35,,,,"Available",,"2026-09-29T09:41:24.000Z"
60,11,,,,"Issued",,"2026-09-29T09:41:24.000Z"
62,40,,,,"Issued",,"2026-09-29T09:41:24.000Z"
63,51,,,,"Issued",,"2026-09-29T09:41:24.000Z"
64,20,,,,"Available",,"2026-09-29T09:41:25.000Z"
65,18,,,,"Available",,"2026-09-29T09:41:25.000Z"
66,15,,,,"Available",,"2026-09-29T09:41:25.000Z"
68,12,,,,"Issued",,"2026-09-29T09:41:25.000Z"
70,35,,,,"Available",,"2026-09-29T09:41:25.000Z"
71,48,,,,"Available",,"2026-09-29T09:41:25.000Z"
72,30,,,,"Available",,"2026-09-29T09:41:25.000Z"
74,12,,,,"Issued",,"2026-09-29T09:41:25.000Z"
78,11,,,,"Available",,"2026-09-29T09:41:25.000Z"
80,35,,,,"Issued",,"2026-09-29T09:41:25.000Z"
81,30,,,,"Issued",,"2026-09-29T09:41:25.000Z"
82,30,,,,"Available",,"2026-09-29T09:41:25.000Z"
84,31,,,,"Available",,"2026-09-29T09:41:25.000Z"
85,50,,,,"Available",,"2026-09-29T09:41:25.000Z"
87,29,,,,"Available",,"2026-09-29T09:41:25.000Z"
88,15,,,,"Available",,"2026-09-29T09:41:25.000Z"
92,48,,,,"Issued",,"2026-09-29T09:41:25.000Z"
93,48,,,,"Available",,"2026-09-29T09:41:25.000Z"
96,53,,,,"Available",,"2026-09-29T09:41:25.000Z"
97,55,,,,"Available",,"2026-09-29T09:41:25.000Z"
99,35,,,,"Issued",,"2026-09-29T09:41:25.000Z"
102,51,,,,"Issued",,"2026-09-29T09:41:25.000Z"
103,43,,,,"Available",,"2026-09-29T09:41:25.000Z"
105,51,,,,"Issued",,"2026-09-29T09:41:25.000Z"
107,33,,,,"Issued",,"2026-09-29T09:41:25.000Z"
108,10,,,,"Issued",,"2026-09-29T09:41:25.000Z"
109,25,,,,"Available",,"2026-09-29T09:41:25.000Z"
112,19,,,,"Available",,"2026-09-29T09:41:25.000Z"
113,43,,,,"Available",,"2026-09-29T09:41:25.000Z"
114,39,,,,"Available",,"2026-09-29T09:41:25.000Z"
115,47,,,,"Issued",,"2026-09-29T09:41:25.000Z"
116,57,,,,"Available",,"2026-09-29T09:41:25.000Z"
117,16,,,,"Available",,"2026-09-29T09:41:25.000Z"
118,43,,,,"Issued",,"2026-09-29T09:41:25.000Z"
119,51,,,,"Available",,"2026-09-29T09:41:25.000Z"
120,55,,,,"Available",,"2026-09-29T09:41:25.000Z"
121,58,,,,"Issued",,"2026-09-29T09:41:25.000Z"
122,55,,,,"Issued",,"2026-09-29T09:41:25.000Z"
124,12,,,,"Issued",,"2026-09-29T09:41:26.000Z"
125,25,,,,"Available",,"2026-09-29T09:41:26.000Z"
126,43,,,,"Available",,"2026-09-29T09:41:26.000Z"
127,33,,,,"Issued",,"2026-09-29T09:41:26.000Z"
128,53,,,,"Available",,"2026-09-29T09:41:26.000Z"
133,29,,,,"Available",,"2026-09-29T09:41:26.000Z"
135,19,,,,"Issued",,"2026-09-29T09:41:26.000Z"
136,53,,,,"Issued",,"2026-09-29T09:41:26.000Z"
137,11,,,,"Available",,"2026-09-29T09:41:26.000Z"
138,50,,,,"Available",,"2026-09-29T09:41:26.000Z"
139,35,,,,"Available",,"2026-09-29T09:41:26.000Z"
140,54,,,,"Available",,"2026-09-29T09:41:26.000Z"
141,16,,,,"Issued",,"2026-09-29T09:41:26.000Z"
142,31,,,,"Issued",,"2026-09-29T09:41:26.000Z"
144,29,,,,"Available",,"2026-09-29T09:41:26.000Z"
147,33,,,,"Available",,"2026-09-29T09:41:26.000Z"
148,53,,,,"Available",,"2026-09-29T09:41:26.000Z"
149,48,,,,"Issued",,"2026-09-29T09:41:26.000Z"
150,10,,,,"Available",,"2026-09-29T09:41:26.000Z"
448,121,4,11,"ACC-0121-01","Available",,"2026-09-29T12:16:01.000Z"
449,121,1,2,"ACC-0121-02","Available",,"2026-09-29T12:16:01.000Z"
450,121,2,5,"ACC-0121-03","Available",,"2026-09-29T12:16:01.000Z"
451,122,5,3,"ACC-0122-01","Available",,"2026-09-29T12:16:01.000Z"
452,122,1,12,"ACC-0122-02","Available",,"2026-09-29T12:16:01.000Z"
455,10,1,1,"TEST-COPY-1790688275","Available",,"2026-09-29T13:24:35.000Z"
456,10,1,1,"AUDIT-1790691586","Available",,"2026-09-29T14:19:47.000Z"
1,1,1,1,"ACC001","Issued","Row 1","2025-09-29T06:22:53.000Z"
2,1,1,1,"ACC002","Issued","Row 1","2025-09-29T06:22:53.000Z"
3,2,1,1,"ACC003","Available","Row 2","2026-03-13T06:22:53.000Z"
4,3,1,2,"ACC004","Issued","Row 1","2025-08-25T06:22:53.000Z"
5,4,2,3,"ACC005","Lost","Row 5","2026-05-02T06:22:53.000Z"
6,5,1,2,"ACC006","Issued","Row 3","2026-06-21T06:22:53.000Z"
453,10,1,1,"TEST-COPY-001","Damaged",,"2026-09-29T12:18:25.000Z"
151,55,1,1,,"Available",,"2026-09-29T09:58:32.000Z"
152,43,1,1,,"Available",,"2026-09-29T09:58:32.000Z"
153,30,1,2,,"Available",,"2026-09-29T09:58:32.000Z"
154,50,1,1,,"Available",,"2026-09-29T09:58:32.000Z"
155,12,2,3,,"Issued",,"2026-09-29T09:58:32.000Z"
156,39,1,2,,"Available",,"2026-09-29T09:58:32.000Z"
157,30,2,3,,"Available",,"2026-09-29T09:58:32.000Z"
158,47,1,2,,"Available",,"2026-09-29T09:58:32.000Z"
159,12,2,3,,"Issued",,"2026-09-29T09:58:32.000Z"
160,9,1,1,,"Available",,"2026-09-29T09:58:32.000Z"
161,51,1,1,,"Available",,"2026-09-29T09:58:32.000Z"
162,52,2,3,,"Issued",,"2026-09-29T09:58:32.000Z"
163,5,2,3,,"Available",,"2026-09-29T09:58:32.000Z"
164,57,1,2,,"Issued",,"2026-09-29T09:58:32.000Z"
165,4,2,3,,"Issued",,"2026-09-29T09:58:32.000Z"
166,33,1,1,,"Issued",,"2026-09-29T09:58:32.000Z"
167,30,2,3,,"Issued",,"2026-09-29T09:58:32.000Z"
168,55,2,3,,"Available",,"2026-09-29T09:58:32.000Z"
169,40,2,3,,"Issued",,"2026-09-29T09:58:32.000Z"
170,43,1,1,,"Available",,"2026-09-29T09:58:32.000Z"
171,39,2,3,,"Available",,"2026-09-29T09:58:32.000Z"
172,33,1,1,,"Available",,"2026-09-29T09:58:32.000Z"
173,15,2,3,,"Available",,"2026-09-29T09:58:32.000Z"
174,6,1,2,,"Available",,"2026-09-29T09:58:32.000Z"
175,48,1,2,,"Available",,"2026-09-29T09:58:32.000Z"
176,58,2,3,,"Issued",,"2026-09-29T09:58:32.000Z"
177,11,2,3,,"Issued",,"2026-09-29T09:58:32.000Z"
178,57,2,3,,"Issued",,"2026-09-29T09:58:32.000Z"
179,51,2,3,,"Available",,"2026-09-29T09:58:32.000Z"
180,33,1,1,,"Available",,"2026-09-29T09:58:32.000Z"
181,47,2,3,,"Available",,"2026-09-29T09:58:32.000Z"
182,59,2,3,,"Issued",,"2026-09-29T09:58:32.000Z"
183,33,1,2,,"Issued",,"2026-09-29T09:58:32.000Z"
184,39,1,1,,"Issued",,"2026-09-29T09:58:32.000Z"
185,55,2,3,,"Issued",,"2026-09-29T09:58:32.000Z"
186,54,1,2,,"Available",,"2026-09-29T09:58:32.000Z"
187,29,2,3,,"Available",,"2026-09-29T09:58:32.000Z"
188,21,2,3,,"Available",,"2026-09-29T09:58:32.000Z"
189,52,2,3,,"Available",,"2026-09-29T09:58:32.000Z"
190,9,2,3,,"Available",,"2026-09-29T09:58:32.000Z"
191,1,1,2,,"Available",,"2026-09-29T09:58:32.000Z"
192,5,2,3,,"Issued",,"2026-09-29T09:58:32.000Z"
193,33,1,1,,"Issued",,"2026-09-29T09:58:32.000Z"
194,4,2,3,,"Issued",,"2026-09-29T09:58:32.000Z"
195,55,2,3,,"Issued",,"2026-09-29T09:58:32.000Z"
196,10,2,3,,"Issued",,"2026-09-29T09:58:32.000Z"
197,39,2,3,,"Available",,"2026-09-29T09:58:32.000Z"
198,30,1,1,,"Available",,"2026-09-29T09:58:32.000Z"
199,11,1,2,,"Available",,"2026-09-29T09:58:32.000Z"
200,35,2,3,,"Issued",,"2026-09-29T09:58:32.000Z"
201,2,1,2,,"Available",,"2026-09-29T09:58:32.000Z"
202,10,2,3,,"Issued",,"2026-09-29T09:58:32.000Z"
203,53,2,3,,"Available",,"2026-09-29T09:58:32.000Z"
204,45,1,2,,"Available",,"2026-09-29T09:58:32.000Z"
205,33,1,1,,"Available",,"2026-09-29T09:58:32.000Z"
206,59,2,3,,"Available",,"2026-09-29T09:58:32.000Z"
207,59,2,3,,"Available",,"2026-09-29T09:58:32.000Z"
208,35,1,2,,"Issued",,"2026-09-29T09:58:32.000Z"
209,19,1,1,,"Available",,"2026-09-29T09:58:32.000Z"
210,45,1,1,,"Available",,"2026-09-29T09:58:32.000Z"
211,52,2,3,,"Issued",,"2026-09-29T09:58:32.000Z"
212,53,1,1,,"Issued",,"2026-09-29T09:58:32.000Z"
213,33,1,2,,"Issued",,"2026-09-29T09:58:32.000Z"
214,1,2,3,,"Available",,"2026-09-29T09:58:32.000Z"
215,45,1,1,,"Available",,"2026-09-29T09:58:32.000Z"
216,31,2,3,,"Available",,"2026-09-29T09:58:32.000Z"
217,20,1,1,,"Issued",,"2026-09-29T09:58:32.000Z"
218,55,1,2,,"Available",,"2026-09-29T09:58:32.000Z"
219,50,2,3,,"Issued",,"2026-09-29T09:58:32.000Z"
220,57,2,3,,"Available",,"2026-09-29T09:58:32.000Z"
221,1,2,3,,"Available",,"2026-09-29T09:58:32.000Z"
222,12,1,2,,"Issued",,"2026-09-29T09:58:32.000Z"
223,33,2,3,,"Available",,"2026-09-29T09:58:32.000Z"
224,2,1,1,,"Issued",,"2026-09-29T09:58:32.000Z"
225,57,1,2,,"Issued",,"2026-09-29T09:58:32.000Z"
226,47,1,1,,"Available",,"2026-09-29T09:58:32.000Z"
227,59,1,1,,"Available",,"2026-09-29T09:58:32.000Z"
228,35,2,3,,"Available",,"2026-09-29T09:58:32.000Z"
229,1,1,2,,"Available",,"2026-09-29T09:58:32.000Z"
230,9,1,1,,"Issued",,"2026-09-29T09:58:32.000Z"
231,10,2,3,,"Issued",,"2026-09-29T09:58:32.000Z"
232,18,2,3,,"Available",,"2026-09-29T09:58:32.000Z"
233,46,1,2,,"Available",,"2026-09-29T09:58:33.000Z"
234,21,2,3,,"Issued",,"2026-09-29T09:58:33.000Z"
235,55,2,3,,"Available",,"2026-09-29T09:58:33.000Z"
236,16,2,3,,"Available",,"2026-09-29T09:58:33.000Z"
237,50,1,2,,"Issued",,"2026-09-29T09:58:33.000Z"
238,19,1,1,,"Available",,"2026-09-29T09:58:33.000Z"
239,57,1,2,,"Issued",,"2026-09-29T09:58:33.000Z"
240,2,1,1,,"Issued",,"2026-09-29T09:58:33.000Z"
241,51,1,2,,"Available",,"2026-09-29T09:58:33.000Z"
242,52,2,3,,"Available",,"2026-09-29T09:58:33.000Z"
243,45,1,1,,"Available",,"2026-09-29T09:58:33.000Z"
244,58,1,1,,"Available",,"2026-09-29T09:58:33.000Z"
245,50,2,3,,"Issued",,"2026-09-29T09:58:33.000Z"
246,9,1,1,,"Issued",,"2026-09-29T09:58:33.000Z"
247,11,1,2,,"Available",,"2026-09-29T09:58:33.000Z"
248,51,1,2,,"Issued",,"2026-09-29T09:58:33.000Z"
249,11,2,3,,"Issued",,"2026-09-29T09:58:33.000Z"
250,9,2,3,,"Available",,"2026-09-29T09:58:33.000Z"
251,43,1,1,,"Issued",,"2026-09-29T09:58:33.000Z"
252,15,1,2,,"Available",,"2026-09-29T09:58:33.000Z"
253,45,2,3,,"Available",,"2026-09-29T09:58:33.000Z"
254,25,1,1,,"Available",,"2026-09-29T09:58:33.000Z"
255,20,2,3,,"Available",,"2026-09-29T09:58:33.000Z"
256,50,1,1,,"Issued",,"2026-09-29T09:58:33.000Z"
257,19,2,3,,"Available",,"2026-09-29T09:58:33.000Z"
258,50,1,2,,"Available",,"2026-09-29T09:58:33.000Z"
259,9,2,3,,"Available",,"2026-09-29T09:58:33.000Z"
260,50,2,3,,"Issued",,"2026-09-29T09:58:33.000Z"
261,43,1,1,,"Issued",,"2026-09-29T09:58:33.000Z"
262,40,1,2,,"Available",,"2026-09-29T09:58:33.000Z"
263,29,1,1,,"Issued",,"2026-09-29T09:58:33.000Z"
264,59,1,1,,"Available",,"2026-09-29T09:58:33.000Z"
265,57,2,3,,"Available",,"2026-09-29T09:58:33.000Z"
266,15,2,3,,"Issued",,"2026-09-29T09:58:33.000Z"
267,16,2,3,,"Available",,"2026-09-29T09:58:33.000Z"
268,51,2,3,,"Available",,"2026-09-29T09:58:33.000Z"
269,2,2,3,,"Issued",,"2026-09-29T09:58:33.000Z"
270,33,2,3,,"Issued",,"2026-09-29T09:58:33.000Z"
271,21,1,1,,"Issued",,"2026-09-29T09:58:33.000Z"
272,30,2,3,,"Available",,"2026-09-29T09:58:33.000Z"
273,15,2,3,,"Available",,"2026-09-29T09:58:33.000Z"
274,20,1,2,,"Available",,"2026-09-29T09:58:33.000Z"
275,25,1,2,,"Available",,"2026-09-29T09:58:33.000Z"
276,57,2,3,,"Available",,"2026-09-29T09:58:33.000Z"
277,30,1,1,,"Available",,"2026-09-29T09:58:33.000Z"
278,53,2,3,,"Issued",,"2026-09-29T09:58:33.000Z"
279,48,1,2,,"Available",,"2026-09-29T09:58:33.000Z"
280,35,2,3,,"Issued",,"2026-09-29T09:58:33.000Z"
281,30,1,2,,"Issued",,"2026-09-29T09:58:33.000Z"
282,45,1,1,,"Available",,"2026-09-29T09:58:33.000Z"
283,47,1,2,,"Issued",,"2026-09-29T09:58:33.000Z"
284,5,1,2,,"Issued",,"2026-09-29T09:58:33.000Z"
285,20,2,3,,"Available",,"2026-09-29T09:58:33.000Z"
286,18,2,3,,"Issued",,"2026-09-29T09:58:33.000Z"
287,47,2,3,,"Available",,"2026-09-29T09:58:33.000Z"
288,31,2,3,,"Available",,"2026-09-29T09:58:33.000Z"
289,52,2,3,,"Available",,"2026-09-29T09:58:33.000Z"
290,54,1,2,,"Available",,"2026-09-29T09:58:33.000Z"
291,30,2,3,,"Issued",,"2026-09-29T09:58:33.000Z"
292,31,2,3,,"Issued",,"2026-09-29T09:58:33.000Z"
293,55,2,3,,"Available",,"2026-09-29T09:58:33.000Z"
294,2,2,3,,"Available",,"2026-09-29T09:58:33.000Z"
295,3,2,3,,"Available",,"2026-09-29T09:58:33.000Z"
296,53,1,2,,"Issued",,"2026-09-29T09:58:33.000Z"
297,51,1,1,,"Issued",,"2026-09-29T09:58:33.000Z"
298,10,2,3,,"Available",,"2026-09-29T09:58:33.000Z"
299,10,2,3,,"Issued",,"2026-09-29T09:58:33.000Z"
300,4,1,1,,"Issued",,"2026-09-29T09:58:33.000Z"
459,1,1,1,"QA-20260929220013","Available",,"2026-09-29T16:30:14.000Z"
301,62,1,18,"ACC-0062-01","Available",,"2026-09-29T12:16:01.000Z"
302,62,4,22,"ACC-0062-02","Issued",,"2026-09-29T12:16:01.000Z"
303,63,2,5,"ACC-0063-01","Available",,"2026-09-29T12:16:01.000Z"
304,63,3,10,"ACC-0063-02","Available",,"2026-09-29T12:16:01.000Z"
305,63,1,10,"ACC-0063-03","Available",,"2026-09-29T12:16:01.000Z"
306,64,4,21,"ACC-0064-01","Available",,"2026-09-29T12:16:01.000Z"
307,64,4,20,"ACC-0064-02","Issued",,"2026-09-29T12:16:01.000Z"
308,65,1,24,"ACC-0065-01","Available",,"2026-09-29T12:16:01.000Z"
309,65,1,9,"ACC-0065-02","Available",,"2026-09-29T12:16:01.000Z"
310,65,2,15,"ACC-0065-03","Available",,"2026-09-29T12:16:01.000Z"
311,66,3,17,"ACC-0066-01","Available",,"2026-09-29T12:16:01.000Z"
312,66,2,21,"ACC-0066-02","Available",,"2026-09-29T12:16:01.000Z"
313,67,2,11,"ACC-0067-01","Available",,"2026-09-29T12:16:01.000Z"
314,67,5,19,"ACC-0067-02","Available",,"2026-09-29T12:16:01.000Z"
315,67,5,9,"ACC-0067-03","Available",,"2026-09-29T12:16:01.000Z"
316,68,3,7,"ACC-0068-01","Available",,"2026-09-29T12:16:01.000Z"
317,68,5,15,"ACC-0068-02","Available",,"2026-09-29T12:16:01.000Z"
318,69,4,11,"ACC-0069-01","Available",,"2026-09-29T12:16:01.000Z"
319,69,3,20,"ACC-0069-02","Available",,"2026-09-29T12:16:01.000Z"
320,69,5,16,"ACC-0069-03","Available",,"2026-09-29T12:16:01.000Z"
321,70,5,4,"ACC-0070-01","Available",,"2026-09-29T12:16:01.000Z"
322,70,2,18,"ACC-0070-02","Available",,"2026-09-29T12:16:01.000Z"
323,71,2,12,"ACC-0071-01","Available",,"2026-09-29T12:16:01.000Z"
324,71,4,20,"ACC-0071-02","Available",,"2026-09-29T12:16:01.000Z"
325,71,3,20,"ACC-0071-03","Available",,"2026-09-29T12:16:01.000Z"
326,72,4,21,"ACC-0072-01","Available",,"2026-09-29T12:16:01.000Z"
327,72,4,7,"ACC-0072-02","Available",,"2026-09-29T12:16:01.000Z"
328,73,1,22,"ACC-0073-01","Available",,"2026-09-29T12:16:01.000Z"
329,73,1,4,"ACC-0073-02","Available",,"2026-09-29T12:16:01.000Z"
330,73,5,23,"ACC-0073-03","Available",,"2026-09-29T12:16:01.000Z"
331,74,4,25,"ACC-0074-01","Available",,"2026-09-29T12:16:01.000Z"
332,74,4,23,"ACC-0074-02","Available",,"2026-09-29T12:16:01.000Z"
333,75,2,16,"ACC-0075-01","Available",,"2026-09-29T12:16:01.000Z"
334,75,5,3,"ACC-0075-02","Available",,"2026-09-29T12:16:01.000Z"
335,75,3,5,"ACC-0075-03","Issued",,"2026-09-29T12:16:01.000Z"
336,76,1,5,"ACC-0076-01","Available",,"2026-09-29T12:16:01.000Z"
337,76,2,16,"ACC-0076-02","Available",,"2026-09-29T12:16:01.000Z"
338,77,4,4,"ACC-0077-01","Available",,"2026-09-29T12:16:01.000Z"
339,77,2,22,"ACC-0077-02","Issued",,"2026-09-29T12:16:01.000Z"
340,77,5,2,"ACC-0077-03","Available",,"2026-09-29T12:16:01.000Z"
341,78,4,12,"ACC-0078-01","Available",,"2026-09-29T12:16:01.000Z"
342,78,1,18,"ACC-0078-02","Available",,"2026-09-29T12:16:01.000Z"
343,79,2,15,"ACC-0079-01","Available",,"2026-09-29T12:16:01.000Z"
344,79,4,1,"ACC-0079-02","Available",,"2026-09-29T12:16:01.000Z"
345,79,2,16,"ACC-0079-03","Available",,"2026-09-29T12:16:01.000Z"
346,80,5,14,"ACC-0080-01","Available",,"2026-09-29T12:16:01.000Z"
347,80,4,8,"ACC-0080-02","Available",,"2026-09-29T12:16:01.000Z"
348,81,4,24,"ACC-0081-01","Available",,"2026-09-29T12:16:01.000Z"
349,81,1,2,"ACC-0081-02","Available",,"2026-09-29T12:16:01.000Z"
350,81,2,3,"ACC-0081-03","Available",,"2026-09-29T12:16:01.000Z"
351,82,5,2,"ACC-0082-01","Available",,"2026-09-29T12:16:01.000Z"
352,82,2,13,"ACC-0082-02","Available",,"2026-09-29T12:16:01.000Z"
353,83,1,12,"ACC-0083-01","Available",,"2026-09-29T12:16:01.000Z"
354,83,5,5,"ACC-0083-02","Available",,"2026-09-29T12:16:01.000Z"
355,83,5,17,"ACC-0083-03","Available",,"2026-09-29T12:16:01.000Z"
356,84,4,1,"ACC-0084-01","Available",,"2026-09-29T12:16:01.000Z"
357,84,2,5,"ACC-0084-02","Available",,"2026-09-29T12:16:01.000Z"
358,85,5,18,"ACC-0085-01","Available",,"2026-09-29T12:16:01.000Z"
359,85,1,23,"ACC-0085-02","Available",,"2026-09-29T12:16:01.000Z"
360,85,3,10,"ACC-0085-03","Available",,"2026-09-29T12:16:01.000Z"
361,86,5,22,"ACC-0086-01","Available",,"2026-09-29T12:16:01.000Z"
362,86,4,10,"ACC-0086-02","Available",,"2026-09-29T12:16:01.000Z"
363,87,5,18,"ACC-0087-01","Available",,"2026-09-29T12:16:01.000Z"
364,87,3,25,"ACC-0087-02","Available",,"2026-09-29T12:16:01.000Z"
365,87,4,5,"ACC-0087-03","Available",,"2026-09-29T12:16:01.000Z"
366,88,2,13,"ACC-0088-01","Issued",,"2026-09-29T12:16:01.000Z"
367,88,1,16,"ACC-0088-02","Available",,"2026-09-29T12:16:01.000Z"
368,89,2,4,"ACC-0089-01","Available",,"2026-09-29T12:16:01.000Z"
369,89,5,13,"ACC-0089-02","Available",,"2026-09-29T12:16:01.000Z"
370,89,4,9,"ACC-0089-03","Available",,"2026-09-29T12:16:01.000Z"
371,90,1,2,"ACC-0090-01","Available",,"2026-09-29T12:16:01.000Z"
372,90,1,19,"ACC-0090-02","Available",,"2026-09-29T12:16:01.000Z"
373,91,2,6,"ACC-0091-01","Available",,"2026-09-29T12:16:01.000Z"
374,91,5,16,"ACC-0091-02","Available",,"2026-09-29T12:16:01.000Z"
375,91,1,1,"ACC-0091-03","Available",,"2026-09-29T12:16:01.000Z"
376,92,4,4,"ACC-0092-01","Available",,"2026-09-29T12:16:01.000Z"
377,92,2,12,"ACC-0092-02","Available",,"2026-09-29T12:16:01.000Z"
378,93,1,5,"ACC-0093-01","Available",,"2026-09-29T12:16:01.000Z"
379,93,5,25,"ACC-0093-02","Available",,"2026-09-29T12:16:01.000Z"
380,93,4,19,"ACC-0093-03","Issued",,"2026-09-29T12:16:01.000Z"
381,94,3,14,"ACC-0094-01","Available",,"2026-09-29T12:16:01.000Z"
382,94,2,22,"ACC-0094-02","Available",,"2026-09-29T12:16:01.000Z"
383,95,5,11,"ACC-0095-01","Issued",,"2026-09-29T12:16:01.000Z"
384,95,5,20,"ACC-0095-02","Available",,"2026-09-29T12:16:01.000Z"
385,95,3,20,"ACC-0095-03","Available",,"2026-09-29T12:16:01.000Z"
386,96,2,18,"ACC-0096-01","Available",,"2026-09-29T12:16:01.000Z"
387,96,3,16,"ACC-0096-02","Available",,"2026-09-29T12:16:01.000Z"
388,97,1,17,"ACC-0097-01","Available",,"2026-09-29T12:16:01.000Z"
389,97,3,19,"ACC-0097-02","Available",,"2026-09-29T12:16:01.000Z"
390,97,4,15,"ACC-0097-03","Issued",,"2026-09-29T12:16:01.000Z"
391,98,4,24,"ACC-0098-01","Available",,"2026-09-29T12:16:01.000Z"
392,98,4,14,"ACC-0098-02","Available",,"2026-09-29T12:16:01.000Z"
393,99,1,15,"ACC-0099-01","Available",,"2026-09-29T12:16:01.000Z"
394,99,5,11,"ACC-0099-02","Available",,"2026-09-29T12:16:01.000Z"
395,99,1,4,"ACC-0099-03","Available",,"2026-09-29T12:16:01.000Z"
396,100,2,22,"ACC-0100-01","Available",,"2026-09-29T12:16:01.000Z"
397,100,5,13,"ACC-0100-02","Available",,"2026-09-29T12:16:01.000Z"
398,101,2,8,"ACC-0101-01","Available",,"2026-09-29T12:16:01.000Z"
399,101,5,13,"ACC-0101-02","Available",,"2026-09-29T12:16:01.000Z"
400,101,2,18,"ACC-0101-03","Issued",,"2026-09-29T12:16:01.000Z"
401,102,1,9,"ACC-0102-01","Available",,"2026-09-29T12:16:01.000Z"
402,102,1,23,"ACC-0102-02","Available",,"2026-09-29T12:16:01.000Z"
403,103,4,12,"ACC-0103-01","Available",,"2026-09-29T12:16:01.000Z"
404,103,3,14,"ACC-0103-02","Available",,"2026-09-29T12:16:01.000Z"
405,103,3,4,"ACC-0103-03","Available",,"2026-09-29T12:16:01.000Z"
406,104,5,2,"ACC-0104-01","Available",,"2026-09-29T12:16:01.000Z"
407,104,3,2,"ACC-0104-02","Available",,"2026-09-29T12:16:01.000Z"
408,105,3,25,"ACC-0105-01","Available",,"2026-09-29T12:16:01.000Z"
409,105,2,16,"ACC-0105-02","Available",,"2026-09-29T12:16:01.000Z"
410,105,1,6,"ACC-0105-03","Available",,"2026-09-29T12:16:01.000Z"
411,106,3,22,"ACC-0106-01","Issued",,"2026-09-29T12:16:01.000Z"
412,106,4,23,"ACC-0106-02","Available",,"2026-09-29T12:16:01.000Z"
413,107,5,24,"ACC-0107-01","Available",,"2026-09-29T12:16:01.000Z"
414,107,2,11,"ACC-0107-02","Available",,"2026-09-29T12:16:01.000Z"
415,107,3,2,"ACC-0107-03","Available",,"2026-09-29T12:16:01.000Z"
416,108,1,14,"ACC-0108-01","Available",,"2026-09-29T12:16:01.000Z"
417,108,2,25,"ACC-0108-02","Issued",,"2026-09-29T12:16:01.000Z"
418,109,1,15,"ACC-0109-01","Available",,"2026-09-29T12:16:01.000Z"
419,109,2,24,"ACC-0109-02","Available",,"2026-09-29T12:16:01.000Z"
420,109,2,19,"ACC-0109-03","Available",,"2026-09-29T12:16:01.000Z"
421,110,4,16,"ACC-0110-01","Available",,"2026-09-29T12:16:01.000Z"
422,110,2,1,"ACC-0110-02","Available",,"2026-09-29T12:16:01.000Z"
423,111,4,15,"ACC-0111-01","Available",,"2026-09-29T12:16:01.000Z"
424,111,1,21,"ACC-0111-02","Available",,"2026-09-29T12:16:01.000Z"
425,111,1,16,"ACC-0111-03","Available",,"2026-09-29T12:16:01.000Z"
426,112,4,11,"ACC-0112-01","Available",,"2026-09-29T12:16:01.000Z"
427,112,2,15,"ACC-0112-02","Available",,"2026-09-29T12:16:01.000Z"
428,113,1,9,"ACC-0113-01","Available",,"2026-09-29T12:16:01.000Z"
429,113,3,10,"ACC-0113-02","Available",,"2026-09-29T12:16:01.000Z"
430,113,3,19,"ACC-0113-03","Available",,"2026-09-29T12:16:01.000Z"
431,114,3,19,"ACC-0114-01","Available",,"2026-09-29T12:16:01.000Z"
432,114,3,13,"ACC-0114-02","Available",,"2026-09-29T12:16:01.000Z"
433,115,1,10,"ACC-0115-01","Available",,"2026-09-29T12:16:01.000Z"
434,115,2,8,"ACC-0115-02","Available",,"2026-09-29T12:16:01.000Z"
435,115,3,11,"ACC-0115-03","Available",,"2026-09-29T12:16:01.000Z"
436,116,5,11,"ACC-0116-01","Available",,"2026-09-29T12:16:01.000Z"
437,116,3,22,"ACC-0116-02","Available",,"2026-09-29T12:16:01.000Z"
438,117,2,25,"ACC-0117-01","Available",,"2026-09-29T12:16:01.000Z"
439,117,1,19,"ACC-0117-02","Available",,"2026-09-29T12:16:01.000Z"
440,117,1,23,"ACC-0117-03","Available",,"2026-09-29T12:16:01.000Z"
441,118,4,25,"ACC-0118-01","Available",,"2026-09-29T12:16:01.000Z"
442,118,5,13,"ACC-0118-02","Issued",,"2026-09-29T12:16:01.000Z"
443,119,3,5,"ACC-0119-01","Available",,"2026-09-29T12:16:01.000Z"
444,119,2,12,"ACC-0119-02","Available",,"2026-09-29T12:16:01.000Z"
445,119,2,18,"ACC-0119-03","Available",,"2026-09-29T12:16:01.000Z"
446,120,4,1,"ACC-0120-01","Available",,"2026-09-29T12:16:01.000Z"
447,120,1,5,"ACC-0120-02","Available",,"2026-09-29T12:16:01.000Z"
