BOOKID,ISBN,TITLE,CATEGORYID,PUBLISHERID,PRICE,EDITION,PUBLISHYEAR
10,"9785503204074","TestBook Updated",1,1,43,"1st",2018
11,"9785562498739","Where the Crawdads Sing",7,,10,"1st",1996
12,"9788042721252","Becoming",6,,55,"1st",2020
15,"9788976684699","Thinking, Fast and Slow",6,,51,"1st",1991
16,"9787647779696","Sapiens",10,,51,"1st",1996
18,"9784111651915","1984",10,,23,"1st",2022
19,"9786822259808","To Kill a Mockingbird",9,,80,"1st",2017
20,"9782732868195","The Great Gatsby",11,,50,"1st",2004
21,"9785602971730","Pride and Prejudice",12,,95,"1st",1993
25,"9784112635560","Fahrenheit 451",11,,98,"1st",2021
29,"9787182015571","The Hunger Games",10,,69,"1st",2010
30,"9781198539499","Harry Potter and the Sorcerer's Stone",12,,46,"1st",2001
31,"9787314301444","The Da Vinci Code",8,,21,"1st",2020
33,"9783366277953","The Girl with the Dragon Tattoo",11,,100,"1st",2011
35,"9782439517500","Gone Girl",11,,96,"1st",1990
39,"9785841516852","Water for Elephants",8,,74,"1st",1990
40,"9787819066308","Life of Pi",12,,68,"1st",1998
43,"9786328141498","No Country for Old Men",12,,99,"1st",1995
45,"9781011417748","Beloved",12,,32,"1st",1991
46,"9783792136122","The Joy Luck Club",7,,87,"1st",1995
47,"9782735294609","The Grapes of Wrath",10,,18,"1st",2002
48,"9788862625987","East of Eden",10,,94,"1st",2023
50,"9788828983143","A Tale of Two Cities",11,,31,"1st",1997
51,"9786999329787","Great Expectations",8,,39,"1st",2014
52,"9786908496888","David Copperfield",11,,82,"1st",2022
53,"9787311529153","Oliver Twist",5,,78,"1st",2012
54,"9789289686618","Crime and Punishment",10,,43,"1st",2010
55,"9789944114812","The Brothers Karamazov",7,,10,"1st",1993
57,"9783502347884","War and Peace",10,,72,"1st",2009
58,"9789485086453","Madame Bovary",10,,74,"1st",2021
59,"9783133542127","Les Miserables",8,,75,"1st",2001
1,"9780132350884","Clean Code",1,3,50,"1st",2008
2,"9780201485677","Refactoring",1,3,45,"2nd",2018
3,"9780439708180","Harry Potter and the Sorcerer's Stone",2,4,20,"1st",1997
4,"9780073523323","Database System Concepts",1,3,85,"6th",2010
5,"9780553103540","A Game of Thrones",2,1,25,"1st",1996
6,"9798897655427","Hidden Love (Novel) Vol. 1",1,1,,,2024
9,"9798897655428","Hidden Love Vol 2",1,1,,,
60,,"API Test Book",1,1,25,,
61,,"TestBook",1,1,25,,
62,"978-0451524935","Nineteen Eighty-Four",6,10,25.8,"1st",1949
63,"978-0451526342","Animal Farm",8,4,67.61,"1st",1945
64,"978-0590353427","Harry Potter and the Philosopher Stone",18,9,68.64,"1st",1997
65,"978-0439064873","Harry Potter and the Chamber of Secrets",5,7,63.48,"1st",1998
66,"978-0439136358","Harry Potter and the Prisoner of Azkaban",8,9,33.24,"1st",1999
67,"978-0439139595","Harry Potter and the Goblet of Fire",13,7,44.33,"1st",2000
68,"978-0307743657","The Shining",10,1,45.38,"1st",1977
69,"978-1501156700","It",13,8,32.86,"1st",1986
70,"978-0451169525","Misery",12,10,61.57,"1st",1987
71,"978-0385182508","Pet Sematary",19,5,28.09,"1st",1983
72,"978-0062693662","Murder on the Orient Express",13,7,49.2,"1st",1934
73,"978-0062073488","And Then There Were None",10,3,16.75,"1st",1939
74,"978-0062074003","Death on the Nile",19,10,24.11,"1st",1937
75,"978-0684801469","A Farewell to Arms",12,10,20.25,"1st",1929
76,"978-0684801222","The Old Man and the Sea",14,7,27.83,"1st",1952
77,"978-0684803357","For Whom the Bell Tolls",5,6,51.3,"1st",1940
78,"978-0743273565","The Great Gatsby",2,2,35.77,"1st",1925
79,"978-0684801544","Tender is the Night",6,9,66.53,"1st",1934
80,"978-1400033416","Beloved",1,9,64.99,"1st",1987
81,"978-1400033423","Song of Solomon",12,10,25.92,"1st",1977
82,"978-0307278449","The Bluest Eye",7,8,54.47,"1st",1970
83,"978-0060883287","One Hundred Years of Solitude",9,6,31.55,"1st",1967
84,"978-0307389732","Love in the Time of Cholera",6,1,55.1,"1st",1985
85,"978-0375704024","Norwegian Wood",1,10,67.56,"1st",1987
86,"978-1400079278","Kafka on the Shore",1,3,49.71,"1st",2002
87,"978-0679775430","The Wind-Up Bird Chronicle",20,11,41.93,"1st",1994
88,"978-1616953638","Purple Hibiscus",5,5,26.78,"1st",2003
89,"978-1400095209","Half of a Yellow Sun",19,3,13.38,"1st",2006
90,"978-0679731726","The Remains of the Day",6,7,43.61,"1st",1989
91,"978-1400078776","Never Let Me Go",9,5,31.21,"1st",2005
92,"978-0618485222","The Namesake",10,9,21.45,"1st",2003
93,"978-0395927205","Interpreter of Maladies",3,6,58.47,"1st",1999
94,"978-0062572233","American Gods",18,6,26.72,"1st",2001
95,"978-0060853983","Good Omens",1,6,31.48,"1st",1990
96,"978-0385490818","The Handmaid's Tale",10,9,10.41,"1st",1985
97,"978-0385503853","Oryx and Crake",9,3,45.73,"1st",2003
98,"978-0307387899","The Road",12,1,52.16,"1st",2006
99,"978-0307387875","No Country for Old Men",16,9,67.06,"1st",2005
100,"978-1400031702","The Secret History",4,9,63.29,"1st",1992
101,"978-0316055437","The Goldfinch",19,1,15.06,"1st",2013
102,"978-1476746586","All the Light We Cannot See",9,8,62.01,"1st",2014
103,"978-0385542364","The Underground Railroad",20,5,61.13,"1st",2016
104,"978-0375703867","White Teeth",1,9,37.4,"1st",2000
105,"978-0143037743","On Beauty",10,5,37.16,"1st",2005
106,"978-0312421274","The Corrections",15,6,9.7,"1st",2001
107,"978-0312576066","Freedom",16,2,44.29,"1st",2010
108,"978-0375507250","Cloud Atlas",19,5,58.3,"1st",2004
109,"978-0394511672","Midnight's Children",5,3,9.48,"1st",1981
110,"978-0385721790","Atonement",7,2,64.26,"1st",2001
111,"978-0385662123","Saturday",7,5,45.63,"1st",2005
112,"978-0060977498","The God of Small Things",1,7,67.92,"1st",1997
113,"978-0060850524","Brave New World",11,10,36.27,"1st",1932
114,"978-1451673319","Fahrenheit 451",17,7,62.32,"1st",1953
115,"978-0061935466","To Kill a Mockingbird",15,4,55.54,"1st",1960
116,"978-0140177398","Of Mice and Men",13,6,10.43,"1st",1937
117,"978-0142004234","East of Eden",11,10,39.86,"1st",1952
118,"978-0143039433","The Grapes of Wrath",18,1,51.33,"1st",1939
119,"978-1451626650","Catch-22",18,2,19.64,"1st",1961
120,"978-0385333481","Slaughterhouse-Five",6,11,27.45,"1st",1969
121,"978-0316769174","The Catcher in the Rye",13,7,33.85,"1st",1951
122,"978-0399501487","Lord of the Flies",3,10,34.61,"1st",1954
138,"9785503204156","THE HIDDEN LOVE",8,8,200,"1st",2012
