CATEGORYID,CATEGORYNAME,DESCRIPTION
5,"Thriller","Exciting and suspenseful"
6,"Biography","Life stories of real people"
7,"History","Historical events and figures"
8,"Technology","Computers and engineering"
9,"Mathematics","Numbers, logic, and patterns"
10,"Business","Economics, finance, and management"
11,"Self Help","Personal development"
12,"Literature","Classic works of literary merit"
22,"Workflow Cat Updated","Test"
23,"Audit Cat 1790691587 Edited","Test category"
24,"Workflow Test Category","Test"
25,"Workflow Test Category","Test"
1,"Computer Science","Programming, Algorithms, Databases"
2,"Fiction","Novels, Literature, Stories"
3,"Science & Nature","Physics, Biology, Environment"
4,"History","World History, Indian History, Biographies"
21,"Workflow Cat Updated","Test"
13,"Horror","Fear and supernatural terror"
14,"Philosophy","Metaphysics and ethical inquiry"
15,"Psychology","Human mind and behavior studies"
16,"Political Science","Government, policy, and politics"
17,"Economics","Markets, trade, and financial systems"
18,"Graphic Novel","Sequential art storytelling"
19,"Travel","Exploration and world cultures"
20,"Cooking","Recipes and culinary arts"
