FINEID,LOANID,MEMBERID,FINEAMOUNT,FINEDATE,FINESTATUS
3,,,19,"2026-09-29T09:41:27.000Z","Paid"
4,,,48,"2026-09-29T09:41:27.000Z","Paid"
5,,,34,"2026-09-29T09:41:27.000Z","Paid"
6,,,15,"2026-09-29T09:41:27.000Z","Paid"
7,,,50,"2026-09-29T09:41:27.000Z","Paid"
8,,,37,"2026-09-29T09:41:27.000Z","Paid"
9,,,33,"2026-09-29T09:41:27.000Z","Paid"
10,,,31,"2026-09-29T09:41:27.000Z","Paid"
11,,,37,"2026-09-29T09:41:27.000Z","Paid"
12,,,49,"2026-09-29T09:41:27.000Z","Paid"
13,,,38,"2026-09-29T09:41:27.000Z","Paid"
14,,,41,"2026-09-29T09:41:27.000Z","Paid"
15,,,46,"2026-09-29T09:41:27.000Z","Paid"
16,,,23,"2026-09-29T09:41:27.000Z","Unpaid"
17,,,21,"2026-09-29T09:41:27.000Z","Unpaid"
18,,,11,"2026-09-29T09:41:27.000Z","Unpaid"
19,,,44,"2026-09-29T09:41:27.000Z","Paid"
20,,,7,"2026-09-29T09:41:27.000Z","Unpaid"
21,,,20,"2026-09-29T09:41:27.000Z","Paid"
22,,,33,"2026-09-29T09:41:27.000Z","Unpaid"
23,,,34,"2026-09-29T09:41:27.000Z","Paid"
24,,,30,"2026-09-29T09:41:27.000Z","Unpaid"
25,,,22,"2026-09-29T09:41:27.000Z","Unpaid"
26,,,19,"2026-09-29T09:41:27.000Z","Unpaid"
27,,,44,"2026-09-29T09:41:27.000Z","Unpaid"
28,,,41,"2026-09-29T09:41:27.000Z","Unpaid"
29,,,47,"2026-09-29T09:41:27.000Z","Paid"
30,,,35,"2026-09-29T09:41:27.000Z","Paid"
1,2,2,10,"2026-09-14T06:22:53.000Z","Paid"
2,3,3,50,"2026-09-24T06:22:53.000Z","Unpaid"
31,43,39,25,"2026-09-29T09:58:33.000Z","Unpaid"
32,46,29,25,"2026-09-29T09:58:33.000Z","Unpaid"
33,88,21,25,"2026-09-29T09:58:33.000Z","Unpaid"
34,22,72,25,"2026-09-29T09:58:33.000Z","Unpaid"
35,75,63,25,"2026-09-29T09:58:33.000Z","Unpaid"
36,42,93,25,"2026-09-29T09:58:33.000Z","Unpaid"
37,80,64,25,"2026-09-29T09:58:33.000Z","Unpaid"
38,97,9,25,"2026-09-29T09:58:33.000Z","Unpaid"
39,80,64,25,"2026-09-29T09:58:33.000Z","Unpaid"
40,90,46,25,"2026-09-29T09:58:33.000Z","Unpaid"
41,19,92,25,"2026-09-29T09:58:33.000Z","Unpaid"
42,48,68,25,"2026-09-29T09:58:33.000Z","Unpaid"
43,69,55,25,"2026-09-29T09:58:33.000Z","Unpaid"
44,5,87,25,"2026-09-29T09:58:33.000Z","Unpaid"
45,98,77,25,"2026-09-29T09:58:33.000Z","Unpaid"
46,23,15,25,"2026-09-29T09:58:33.000Z","Unpaid"
47,19,92,25,"2026-09-29T09:58:33.000Z","Unpaid"
48,2,2,25,"2026-09-29T09:58:33.000Z","Unpaid"
49,39,99,25,"2026-09-29T09:58:33.000Z","Unpaid"
50,61,67,25,"2026-09-29T09:58:33.000Z","Unpaid"
51,250,161,54.47,"2026-09-06T12:16:03.000Z","Unpaid"
52,101,181,56.31,"2026-09-09T12:16:03.000Z","Unpaid"
53,102,158,5.6,"2026-09-15T12:16:03.000Z","Paid"
54,103,152,36.7,"2026-09-10T12:16:03.000Z","Unpaid"
55,104,36,51.97,"2026-09-18T12:16:03.000Z","Paid"
56,105,134,53.58,"2026-09-10T12:16:03.000Z","Paid"
57,106,173,49.58,"2026-09-10T12:16:03.000Z","Unpaid"
58,107,159,61.04,"2026-09-26T12:16:03.000Z","Unpaid"
59,108,75,32.7,"2026-09-13T12:16:03.000Z","Unpaid"
60,109,56,19.24,"2026-09-13T12:16:03.000Z","Paid"
61,110,65,50.17,"2026-09-02T12:16:03.000Z","Paid"
62,111,165,59.78,"2026-09-29T12:16:03.000Z","Paid"
63,112,155,21.03,"2026-09-03T12:16:03.000Z","Paid"
64,114,197,16.35,"2026-09-07T12:16:03.000Z","Paid"
65,115,182,71.24,"2026-09-12T12:16:03.000Z","Paid"
66,116,68,11.1,"2026-09-08T12:16:03.000Z","Paid"
67,117,103,37.52,"2026-08-30T12:16:03.000Z","Unpaid"
68,118,179,13.26,"2026-09-22T12:16:03.000Z","Unpaid"
69,119,108,90.47,"2026-09-05T12:16:03.000Z","Paid"
70,120,147,44.38,"2026-09-08T12:16:03.000Z","Paid"
71,121,184,81.2,"2026-09-15T12:16:03.000Z","Paid"
72,122,166,48.51,"2026-09-02T12:16:03.000Z","Unpaid"
73,123,54,65.92,"2026-09-09T12:16:03.000Z","Paid"
74,124,152,64.27,"2026-09-10T12:16:03.000Z","Paid"
75,125,71,45.59,"2026-09-24T12:16:03.000Z","Paid"
76,126,63,99.21,"2026-09-09T12:16:03.000Z","Unpaid"
77,128,58,93.04,"2026-09-10T12:16:03.000Z","Unpaid"
78,129,54,50.99,"2026-09-22T12:16:03.000Z","Unpaid"
79,130,102,57.8,"2026-09-18T12:16:03.000Z","Unpaid"
80,131,84,64.9,"2026-08-30T12:16:03.000Z","Unpaid"
81,132,164,30.98,"2026-08-31T12:16:03.000Z","Paid"
82,133,177,73.87,"2026-09-12T12:16:03.000Z","Unpaid"
83,134,179,85.96,"2026-09-19T12:16:03.000Z","Paid"
84,135,92,37.79,"2026-09-08T12:16:03.000Z","Paid"
85,137,179,61.5,"2026-09-06T12:16:03.000Z","Paid"
86,139,24,85.06,"2026-09-27T12:16:03.000Z","Unpaid"
87,140,104,32.78,"2026-09-04T12:16:03.000Z","Unpaid"
88,141,148,84.89,"2026-09-02T12:16:03.000Z","Unpaid"
89,142,174,95.71,"2026-09-18T12:16:03.000Z","Unpaid"
90,144,1,12.03,"2026-09-26T12:16:03.000Z","Unpaid"
91,146,102,36.29,"2026-09-02T12:16:03.000Z","Unpaid"
92,147,19,62.82,"2026-09-19T12:16:03.000Z","Paid"
93,148,184,8.27,"2026-09-21T12:16:03.000Z","Unpaid"
94,149,144,42.13,"2026-09-19T12:16:03.000Z","Paid"
95,150,194,18.76,"2026-09-13T12:16:03.000Z","Unpaid"
96,152,84,69.73,"2026-09-19T12:16:03.000Z","Paid"
97,153,41,66.85,"2026-09-04T12:16:03.000Z","Paid"
98,155,26,20.51,"2026-09-15T12:16:03.000Z","Unpaid"
99,156,152,63.88,"2026-09-22T12:16:03.000Z","Paid"
100,157,156,25.03,"2026-09-05T12:16:03.000Z","Unpaid"
101,158,141,57.8,"2026-09-24T12:16:03.000Z","Paid"
102,159,194,85.56,"2026-08-31T12:16:03.000Z","Paid"
103,160,125,56.63,"2026-09-10T12:16:03.000Z","Paid"
104,161,148,67.67,"2026-09-22T12:16:03.000Z","Unpaid"
105,162,83,26.72,"2026-09-16T12:16:03.000Z","Paid"
106,163,172,85.73,"2026-09-13T12:16:03.000Z","Paid"
107,164,163,28.03,"2026-09-11T12:16:03.000Z","Paid"
108,165,112,10.57,"2026-09-22T12:16:03.000Z","Unpaid"
109,166,77,80.17,"2026-09-01T12:16:03.000Z","Paid"
110,167,11,96.44,"2026-09-04T12:16:03.000Z","Paid"
