LOANID,MEMBERID,COPYID,LIBRARIANID,ISSUEDATE,DUEDATE,RETURNDATE,STATUS
249,99,127,12,"2026-09-19T12:16:02.000Z","2026-10-03T12:16:02.000Z",,"Active"
250,161,139,9,"2026-09-07T12:16:02.000Z","2026-09-21T12:16:02.000Z",,"Overdue"
251,172,9,1,"2024-08-31T18:30:00.000Z","2024-09-14T18:30:00.000Z","2024-09-13T18:30:00.000Z","Returned"
252,172,9,1,"2026-09-28T18:30:00.000Z","2026-10-12T18:30:00.000Z",,"Active"
253,172,14,1,"2026-09-28T18:30:00.000Z","2026-10-12T18:30:00.000Z","2026-09-28T18:30:00.000Z","Returned"
255,172,14,17,"2024-08-31T18:30:00.000Z","2024-09-14T18:30:00.000Z","2024-09-13T18:30:00.000Z","Returned"
256,172,14,17,"2024-08-31T18:30:00.000Z","2024-09-14T18:30:00.000Z","2024-09-13T18:30:00.000Z","Returned"
1,1,2,1,"2026-09-14T06:22:53.000Z","2026-09-28T06:22:53.000Z",,"Active"
2,2,4,1,"2026-08-30T06:22:53.000Z","2026-09-13T06:22:53.000Z","2026-09-14T06:22:53.000Z","Returned"
3,3,3,2,"2026-09-09T06:22:53.000Z","2026-09-23T06:22:53.000Z",,"Overdue"
4,77,177,1,"2026-09-09T09:58:33.000Z","2026-09-23T09:58:33.000Z",,"Active"
5,87,195,2,"2026-09-09T09:58:33.000Z","2026-09-23T09:58:33.000Z",,"Active"
6,62,1,1,"2026-09-09T09:58:33.000Z","2026-09-23T09:58:33.000Z",,"Active"
7,42,217,2,"2026-09-09T09:58:33.000Z","2026-09-23T09:58:33.000Z",,"Active"
8,13,80,2,"2026-09-09T09:58:33.000Z","2026-09-23T09:58:33.000Z",,"Active"
9,41,271,1,"2026-09-09T09:58:33.000Z","2026-09-23T09:58:33.000Z",,"Active"
10,2,166,1,"2026-09-09T09:58:33.000Z","2026-09-23T09:58:33.000Z",,"Active"
11,71,6,1,"2026-09-09T09:58:33.000Z","2026-09-23T09:58:33.000Z",,"Active"
12,100,142,1,"2026-09-09T09:58:33.000Z","2026-09-23T09:58:33.000Z",,"Active"
13,37,107,1,"2026-09-09T09:58:33.000Z","2026-09-23T09:58:33.000Z",,"Active"
14,10,269,2,"2026-09-09T09:58:33.000Z","2026-09-23T09:58:33.000Z",,"Active"
15,70,284,1,"2026-09-09T09:58:33.000Z","2026-09-23T09:58:33.000Z",,"Active"
16,59,105,2,"2026-09-09T09:58:33.000Z","2026-09-23T09:58:33.000Z",,"Active"
17,71,51,2,"2026-09-09T09:58:33.000Z","2026-09-23T09:58:33.000Z",,"Active"
18,80,48,2,"2026-09-09T09:58:33.000Z","2026-09-23T09:58:33.000Z",,"Active"
19,92,196,2,"2026-09-09T09:58:33.000Z","2026-09-23T09:58:33.000Z",,"Active"
20,74,149,1,"2026-09-09T09:58:33.000Z","2026-09-23T09:58:33.000Z",,"Active"
21,24,202,2,"2026-09-09T09:58:33.000Z","2026-09-23T09:58:33.000Z",,"Active"
22,72,225,1,"2026-09-09T09:58:33.000Z","2026-09-23T09:58:33.000Z",,"Active"
23,15,212,2,"2026-09-09T09:58:33.000Z","2026-09-23T09:58:33.000Z",,"Active"
24,20,74,1,"2026-09-09T09:58:33.000Z","2026-09-23T09:58:33.000Z",,"Active"
25,40,92,2,"2026-09-09T09:58:33.000Z","2026-09-23T09:58:33.000Z",,"Active"
26,43,219,2,"2026-09-09T09:58:33.000Z","2026-09-23T09:58:33.000Z",,"Active"
27,32,300,1,"2026-09-09T09:58:33.000Z","2026-09-23T09:58:33.000Z",,"Active"
28,52,115,2,"2026-09-09T09:58:33.000Z","2026-09-23T09:58:33.000Z",,"Active"
29,4,159,2,"2026-09-09T09:58:33.000Z","2026-09-23T09:58:33.000Z",,"Active"
30,39,278,1,"2026-09-09T09:58:33.000Z","2026-09-23T09:58:33.000Z",,"Active"
31,3,281,2,"2026-09-09T09:58:33.000Z","2026-09-23T09:58:33.000Z",,"Active"
32,85,270,1,"2026-09-09T09:58:33.000Z","2026-09-23T09:58:33.000Z",,"Active"
33,21,239,1,"2026-09-09T09:58:33.000Z","2026-09-23T09:58:33.000Z",,"Active"
34,18,185,1,"2026-09-09T09:58:33.000Z","2026-09-23T09:58:33.000Z",,"Active"
35,10,162,1,"2026-09-09T09:58:33.000Z","2026-09-23T09:58:33.000Z",,"Active"
36,84,192,2,"2026-09-09T09:58:33.000Z","2026-09-23T09:58:33.000Z",,"Active"
37,41,124,2,"2026-09-09T09:58:33.000Z","2026-09-23T09:58:33.000Z",,"Active"
38,85,108,1,"2026-09-09T09:58:33.000Z","2026-09-23T09:58:33.000Z",,"Active"
39,99,58,2,"2026-09-09T09:58:33.000Z","2026-09-23T09:58:33.000Z",,"Active"
40,18,231,2,"2026-09-09T09:58:33.000Z","2026-09-23T09:58:33.000Z",,"Active"
41,92,99,2,"2026-09-09T09:58:33.000Z","2026-09-23T09:58:33.000Z",,"Active"
42,93,178,2,"2026-09-09T09:58:33.000Z","2026-09-23T09:58:33.000Z",,"Active"
43,39,81,1,"2026-09-09T09:58:33.000Z","2026-09-23T09:58:33.000Z",,"Active"
44,1,260,2,"2026-09-09T09:58:33.000Z","2026-09-23T09:58:33.000Z",,"Active"
45,73,266,2,"2026-09-09T09:58:33.000Z","2026-09-23T09:58:33.000Z",,"Active"
46,29,37,2,"2026-09-09T09:58:33.000Z","2026-09-23T09:58:33.000Z",,"Active"
47,92,165,1,"2026-09-09T09:58:33.000Z","2026-09-23T09:58:33.000Z",,"Active"
48,68,286,2,"2026-09-09T09:58:33.000Z","2026-09-23T09:58:33.000Z",,"Active"
49,82,182,2,"2026-09-09T09:58:33.000Z","2026-09-23T09:58:33.000Z",,"Active"
50,35,296,2,"2026-09-09T09:58:33.000Z","2026-09-23T09:58:33.000Z",,"Active"
51,9,194,2,"2026-09-09T09:58:33.000Z","2026-09-23T09:58:33.000Z",,"Active"
52,24,208,1,"2026-09-09T09:58:33.000Z","2026-09-23T09:58:33.000Z",,"Active"
53,88,283,2,"2026-09-09T09:58:33.000Z","2026-09-23T09:58:33.000Z",,"Active"
54,44,176,1,"2026-09-09T09:58:33.000Z","2026-09-23T09:58:33.000Z",,"Active"
55,84,261,1,"2026-09-09T09:58:33.000Z","2026-09-23T09:58:33.000Z",,"Active"
56,78,60,1,"2026-09-09T09:58:33.000Z","2026-09-23T09:58:33.000Z",,"Active"
57,78,230,2,"2026-09-09T09:58:33.000Z","2026-09-23T09:58:33.000Z",,"Active"
58,53,169,1,"2026-09-09T09:58:33.000Z","2026-09-23T09:58:33.000Z",,"Active"
59,5,41,1,"2026-09-09T09:58:33.000Z","2026-09-23T09:58:33.000Z",,"Active"
60,35,63,2,"2026-09-09T09:58:33.000Z","2026-09-23T09:58:33.000Z",,"Active"
61,67,240,1,"2026-09-09T09:58:33.000Z","2026-09-23T09:58:33.000Z",,"Active"
62,78,234,1,"2026-09-09T09:58:33.000Z","2026-09-23T09:58:33.000Z",,"Active"
63,8,11,2,"2026-09-09T09:58:33.000Z","2026-09-23T09:58:33.000Z",,"Active"
64,54,136,2,"2026-09-09T09:58:33.000Z","2026-09-23T09:58:33.000Z",,"Active"
65,41,155,1,"2026-09-09T09:58:33.000Z","2026-09-23T09:58:33.000Z",,"Active"
66,81,4,1,"2026-09-09T09:58:33.000Z","2026-09-23T09:58:33.000Z",,"Active"
67,84,237,2,"2026-09-09T09:58:33.000Z","2026-09-23T09:58:33.000Z",,"Active"
68,79,256,2,"2026-09-09T09:58:33.000Z","2026-09-23T09:58:33.000Z",,"Active"
69,55,249,2,"2026-09-09T09:58:33.000Z","2026-09-23T09:58:33.000Z",,"Active"
70,23,62,1,"2026-09-09T09:58:33.000Z","2026-09-23T09:58:33.000Z",,"Active"
71,65,211,1,"2026-09-09T09:58:33.000Z","2026-09-23T09:58:33.000Z",,"Active"
72,12,245,2,"2026-09-09T09:58:33.000Z","2026-09-23T09:58:33.000Z",,"Active"
73,97,299,2,"2026-09-09T09:58:33.000Z","2026-09-23T09:58:33.000Z",,"Active"
74,10,55,2,"2026-09-09T09:58:33.000Z","2026-09-23T09:58:33.000Z",,"Active"
75,63,141,1,"2026-09-09T09:58:33.000Z","2026-09-23T09:58:33.000Z",,"Active"
76,9,16,2,"2026-09-09T09:58:33.000Z","2026-09-23T09:58:33.000Z",,"Active"
77,73,39,1,"2026-09-09T09:58:33.000Z","2026-09-23T09:58:33.000Z",,"Active"
78,48,167,2,"2026-09-09T09:58:33.000Z","2026-09-23T09:58:33.000Z",,"Active"
79,86,122,2,"2026-09-09T09:58:33.000Z","2026-09-23T09:58:33.000Z",,"Active"
80,64,135,1,"2026-09-09T09:58:33.000Z","2026-09-23T09:58:33.000Z",,"Active"
81,96,10,2,"2026-09-09T09:58:33.000Z","2026-09-23T09:58:33.000Z",,"Active"
82,29,29,1,"2026-09-09T09:58:33.000Z","2026-09-23T09:58:33.000Z",,"Active"
83,74,17,1,"2026-09-09T09:58:33.000Z","2026-09-23T09:58:33.000Z",,"Active"
84,21,102,1,"2026-09-09T09:58:33.000Z","2026-09-23T09:58:33.000Z",,"Active"
85,64,68,1,"2026-09-09T09:58:33.000Z","2026-09-23T09:58:33.000Z",,"Active"
86,92,291,2,"2026-09-09T09:58:33.000Z","2026-09-23T09:58:33.000Z",,"Active"
87,34,184,1,"2026-09-09T09:58:33.000Z","2026-09-23T09:58:33.000Z",,"Active"
88,21,118,2,"2026-09-09T09:58:33.000Z","2026-09-23T09:58:33.000Z",,"Active"
89,5,33,1,"2026-09-09T09:58:33.000Z","2026-09-23T09:58:33.000Z",,"Active"
90,46,193,2,"2026-09-09T09:58:33.000Z","2026-09-23T09:58:33.000Z",,"Active"
91,94,183,1,"2026-09-09T09:58:33.000Z","2026-09-23T09:58:33.000Z",,"Active"
92,80,213,2,"2026-09-09T09:58:33.000Z","2026-09-23T09:58:33.000Z",,"Active"
93,91,297,2,"2026-09-09T09:58:33.000Z","2026-09-23T09:58:33.000Z",,"Active"
94,7,34,2,"2026-09-09T09:58:33.000Z","2026-09-23T09:58:33.000Z",,"Active"
95,51,224,1,"2026-09-09T09:58:33.000Z","2026-09-23T09:58:33.000Z",,"Active"
96,65,263,2,"2026-09-09T09:58:33.000Z","2026-09-23T09:58:33.000Z",,"Active"
97,9,251,2,"2026-09-09T09:58:33.000Z","2026-09-23T09:58:33.000Z",,"Active"
98,77,121,2,"2026-09-09T09:58:33.000Z","2026-09-23T09:58:33.000Z",,"Active"
99,87,292,1,"2026-09-09T09:58:33.000Z","2026-09-23T09:58:33.000Z",,"Active"
100,19,246,1,"2026-09-09T09:58:33.000Z","2026-09-23T09:58:33.000Z",,"Active"
101,181,218,2,"2026-08-15T12:16:01.000Z","2026-08-29T12:16:01.000Z","2026-09-06T12:16:01.000Z","Returned"
102,158,446,4,"2026-08-31T12:16:01.000Z","2026-09-14T12:16:01.000Z","2026-09-27T12:16:01.000Z","Returned"
103,152,87,3,"2026-08-07T12:16:01.000Z","2026-08-21T12:16:01.000Z",,"Overdue"
104,36,442,12,"2026-08-15T12:16:01.000Z","2026-08-29T12:16:01.000Z","2026-09-01T12:16:01.000Z","Returned"
105,134,119,3,"2026-07-02T12:16:01.000Z","2026-07-16T12:16:01.000Z","2026-07-29T12:16:01.000Z","Returned"
106,173,22,14,"2026-07-30T12:16:01.000Z","2026-08-13T12:16:01.000Z",,"Overdue"
107,159,272,7,"2026-08-09T12:16:01.000Z","2026-08-23T12:16:01.000Z","2026-08-26T12:16:01.000Z","Returned"
108,75,216,16,"2026-08-06T12:16:01.000Z","2026-08-20T12:16:01.000Z",,"Overdue"
109,56,350,7,"2026-07-09T12:16:01.000Z","2026-07-23T12:16:01.000Z",,"Overdue"
110,65,327,3,"2026-08-10T12:16:01.000Z","2026-08-24T12:16:01.000Z","2026-08-29T12:16:01.000Z","Returned"
111,165,216,4,"2026-08-22T12:16:01.000Z","2026-09-05T12:16:01.000Z",,"Overdue"
112,155,363,6,"2026-08-26T12:16:01.000Z","2026-09-09T12:16:01.000Z",,"Overdue"
113,47,307,10,"2026-09-23T12:16:01.000Z","2026-10-07T12:16:01.000Z",,"Active"
114,197,171,16,"2026-08-16T12:16:01.000Z","2026-08-30T12:16:01.000Z",,"Overdue"
115,182,144,12,"2026-07-11T12:16:01.000Z","2026-07-25T12:16:01.000Z",,"Overdue"
116,68,326,12,"2026-09-08T12:16:01.000Z","2026-09-22T12:16:01.000Z","2026-10-01T12:16:01.000Z","Returned"
117,103,163,3,"2026-07-29T12:16:01.000Z","2026-08-12T12:16:01.000Z","2026-08-26T12:16:01.000Z","Returned"
118,179,144,15,"2026-07-08T12:16:01.000Z","2026-07-22T12:16:01.000Z","2026-07-26T12:16:01.000Z","Returned"
119,108,140,1,"2026-07-15T12:16:01.000Z","2026-07-29T12:16:01.000Z","2026-08-03T12:16:01.000Z","Returned"
120,147,154,5,"2026-08-22T12:16:01.000Z","2026-09-05T12:16:01.000Z","2026-09-13T12:16:01.000Z","Returned"
121,184,148,6,"2026-08-17T12:16:01.000Z","2026-08-31T12:16:01.000Z","2026-09-14T12:16:01.000Z","Returned"
122,166,350,8,"2026-08-10T12:16:01.000Z","2026-08-24T12:16:01.000Z","2026-09-01T12:16:01.000Z","Returned"
123,54,348,14,"2026-09-09T12:16:01.000Z","2026-09-23T12:16:01.000Z","2026-09-28T12:16:01.000Z","Returned"
124,152,329,16,"2026-08-31T12:16:01.000Z","2026-09-14T12:16:01.000Z",,"Overdue"
125,71,120,14,"2026-07-31T12:16:01.000Z","2026-08-14T12:16:01.000Z",,"Overdue"
126,63,244,5,"2026-09-06T12:16:01.000Z","2026-09-20T12:16:01.000Z",,"Overdue"
127,37,200,7,"2026-09-18T12:16:01.000Z","2026-10-02T12:16:01.000Z",,"Active"
128,58,287,8,"2026-08-07T12:16:01.000Z","2026-08-21T12:16:01.000Z","2026-09-05T12:16:01.000Z","Returned"
129,54,84,2,"2026-08-24T12:16:01.000Z","2026-09-07T12:16:01.000Z",,"Overdue"
130,102,235,2,"2026-07-05T12:16:01.000Z","2026-07-19T12:16:01.000Z","2026-08-01T12:16:01.000Z","Returned"
131,84,40,16,"2026-07-26T12:16:01.000Z","2026-08-09T12:16:01.000Z",,"Overdue"
132,164,424,14,"2026-09-04T12:16:01.000Z","2026-09-18T12:16:01.000Z","2026-09-29T12:16:01.000Z","Returned"
133,177,156,13,"2026-07-24T12:16:01.000Z","2026-08-07T12:16:01.000Z","2026-08-22T12:16:01.000Z","Returned"
134,179,402,15,"2026-09-13T12:16:01.000Z","2026-09-27T12:16:01.000Z","2026-10-03T12:16:01.000Z","Returned"
135,92,203,2,"2026-08-14T12:16:01.000Z","2026-08-28T12:16:01.000Z","2026-09-03T12:16:01.000Z","Returned"
136,27,400,11,"2026-09-19T12:16:01.000Z","2026-10-03T12:16:01.000Z",,"Active"
137,179,172,11,"2026-08-25T12:16:01.000Z","2026-09-08T12:16:01.000Z","2026-09-10T12:16:01.000Z","Returned"
138,142,417,11,"2026-09-24T12:16:01.000Z","2026-10-08T12:16:01.000Z",,"Active"
139,24,333,11,"2026-08-29T12:16:01.000Z","2026-09-12T12:16:01.000Z","2026-09-18T12:16:01.000Z","Returned"
140,104,405,1,"2026-09-13T12:16:01.000Z","2026-09-27T12:16:01.000Z","2026-10-04T12:16:01.000Z","Returned"
141,148,120,8,"2026-07-06T12:16:01.000Z","2026-07-20T12:16:01.000Z","2026-07-24T12:16:01.000Z","Returned"
142,174,201,8,"2026-07-20T12:16:01.000Z","2026-08-03T12:16:01.000Z",,"Overdue"
143,14,302,16,"2026-09-19T12:16:01.000Z","2026-10-03T12:16:01.000Z",,"Active"
144,1,235,15,"2026-07-09T12:16:01.000Z","2026-07-23T12:16:01.000Z","2026-08-02T12:16:01.000Z","Returned"
145,104,248,1,"2026-09-18T12:16:01.000Z","2026-10-02T12:16:01.000Z",,"Active"
146,102,31,12,"2026-08-25T12:16:01.000Z","2026-09-08T12:16:01.000Z",,"Overdue"
147,19,181,10,"2026-07-06T12:16:01.000Z","2026-07-20T12:16:01.000Z",,"Overdue"
148,184,84,3,"2026-09-02T12:16:01.000Z","2026-09-16T12:16:01.000Z","2026-09-20T12:16:01.000Z","Returned"
149,144,78,9,"2026-09-04T12:16:01.000Z","2026-09-18T12:16:01.000Z",,"Overdue"
150,194,171,3,"2026-08-25T12:16:01.000Z","2026-09-08T12:16:01.000Z","2026-09-16T12:16:01.000Z","Returned"
151,189,222,15,"2026-09-19T12:16:01.000Z","2026-10-03T12:16:01.000Z",,"Active"
152,84,188,12,"2026-09-12T12:16:01.000Z","2026-09-26T12:16:01.000Z","2026-10-07T12:16:01.000Z","Returned"
153,41,429,12,"2026-07-01T12:16:01.000Z","2026-07-15T12:16:01.000Z","2026-07-28T12:16:01.000Z","Returned"
154,79,280,12,"2026-09-21T12:16:01.000Z","2026-10-05T12:16:01.000Z",,"Active"
155,26,377,10,"2026-08-11T12:16:01.000Z","2026-08-25T12:16:01.000Z",,"Overdue"
156,152,126,14,"2026-09-09T12:16:02.000Z","2026-09-23T12:16:02.000Z","2026-10-02T12:16:02.000Z","Returned"
157,156,444,1,"2026-08-19T12:16:02.000Z","2026-09-02T12:16:02.000Z","2026-09-16T12:16:02.000Z","Returned"
158,141,406,15,"2026-07-04T12:16:02.000Z","2026-07-18T12:16:02.000Z",,"Overdue"
159,194,434,12,"2026-07-19T12:16:02.000Z","2026-08-02T12:16:02.000Z","2026-08-16T12:16:02.000Z","Returned"
160,125,151,2,"2026-09-02T12:16:02.000Z","2026-09-16T12:16:02.000Z",,"Overdue"
161,148,425,12,"2026-08-18T12:16:02.000Z","2026-09-01T12:16:02.000Z","2026-09-09T12:16:02.000Z","Returned"
162,83,387,13,"2026-08-24T12:16:02.000Z","2026-09-07T12:16:02.000Z","2026-09-21T12:16:02.000Z","Returned"
163,172,210,10,"2026-07-09T12:16:02.000Z","2026-07-23T12:16:02.000Z","2026-08-07T12:16:02.000Z","Returned"
164,163,50,4,"2026-09-08T12:16:02.000Z","2026-09-22T12:16:02.000Z","2026-09-27T12:16:02.000Z","Returned"
165,112,435,9,"2026-08-17T12:16:02.000Z","2026-08-31T12:16:02.000Z","2026-09-14T12:16:02.000Z","Returned"
166,77,388,11,"2026-08-19T12:16:02.000Z","2026-09-02T12:16:02.000Z",,"Overdue"
167,11,50,9,"2026-08-23T12:16:02.000Z","2026-09-06T12:16:02.000Z","2026-09-14T12:16:02.000Z","Returned"
168,52,125,10,"2026-08-09T12:16:02.000Z","2026-08-23T12:16:02.000Z","2026-09-02T12:16:02.000Z","Returned"
169,85,442,8,"2026-09-23T12:16:02.000Z","2026-10-07T12:16:02.000Z",,"Active"
170,126,293,2,"2026-07-08T12:16:02.000Z","2026-07-22T12:16:02.000Z","2026-07-29T12:16:02.000Z","Returned"
171,188,347,11,"2026-08-07T12:16:02.000Z","2026-08-21T12:16:02.000Z","2026-08-29T12:16:02.000Z","Returned"
172,63,418,6,"2026-07-06T12:16:02.000Z","2026-07-20T12:16:02.000Z",,"Overdue"
173,140,383,11,"2026-09-19T12:16:02.000Z","2026-10-03T12:16:02.000Z",,"Active"
174,174,221,6,"2026-07-30T12:16:02.000Z","2026-08-13T12:16:02.000Z","2026-08-28T12:16:02.000Z","Returned"
175,98,126,4,"2026-07-05T12:16:02.000Z","2026-07-19T12:16:02.000Z","2026-08-01T12:16:02.000Z","Returned"
176,101,290,5,"2026-07-01T12:16:02.000Z","2026-07-15T12:16:02.000Z","2026-07-21T12:16:02.000Z","Returned"
177,144,409,16,"2026-08-23T12:16:02.000Z","2026-09-06T12:16:02.000Z","2026-09-18T12:16:02.000Z","Returned"
178,93,372,13,"2026-07-27T12:16:02.000Z","2026-08-10T12:16:02.000Z","2026-08-23T12:16:02.000Z","Returned"
179,122,330,6,"2026-08-30T12:16:02.000Z","2026-09-13T12:16:02.000Z","2026-09-22T12:16:02.000Z","Returned"
180,125,370,2,"2026-07-17T12:16:02.000Z","2026-07-31T12:16:02.000Z","2026-08-12T12:16:02.000Z","Returned"
181,192,210,12,"2026-07-16T12:16:02.000Z","2026-07-30T12:16:02.000Z",,"Overdue"
182,55,175,9,"2026-08-31T12:16:02.000Z","2026-09-14T12:16:02.000Z","2026-09-22T12:16:02.000Z","Returned"
183,30,144,6,"2026-09-08T12:16:02.000Z","2026-09-22T12:16:02.000Z","2026-10-04T12:16:02.000Z","Returned"
184,39,335,3,"2026-09-18T12:16:02.000Z","2026-10-02T12:16:02.000Z",,"Active"
185,85,272,9,"2026-08-16T12:16:02.000Z","2026-08-30T12:16:02.000Z","2026-09-05T12:16:02.000Z","Returned"
186,189,229,16,"2026-07-25T12:16:02.000Z","2026-08-08T12:16:02.000Z","2026-08-16T12:16:02.000Z","Returned"
187,128,411,16,"2026-09-20T12:16:02.000Z","2026-10-04T12:16:02.000Z",,"Active"
188,37,87,7,"2026-07-21T12:16:02.000Z","2026-08-04T12:16:02.000Z","2026-08-07T12:16:02.000Z","Returned"
189,38,390,10,"2026-09-15T12:16:02.000Z","2026-09-29T12:16:02.000Z",,"Active"
190,144,414,9,"2026-08-06T12:16:02.000Z","2026-08-20T12:16:02.000Z",,"Overdue"
191,47,226,4,"2026-08-10T12:16:02.000Z","2026-08-24T12:16:02.000Z","2026-08-30T12:16:02.000Z","Returned"
192,113,315,3,"2026-09-01T12:16:02.000Z","2026-09-15T12:16:02.000Z",,"Overdue"
193,67,380,12,"2026-09-20T12:16:02.000Z","2026-10-04T12:16:02.000Z",,"Active"
194,134,88,9,"2026-07-06T12:16:02.000Z","2026-07-20T12:16:02.000Z",,"Overdue"
195,15,242,14,"2026-07-06T12:16:02.000Z","2026-07-20T12:16:02.000Z","2026-07-29T12:16:02.000Z","Returned"
196,65,173,7,"2026-07-26T12:16:02.000Z","2026-08-09T12:16:02.000Z",,"Overdue"
197,132,452,7,"2026-07-05T12:16:02.000Z","2026-07-19T12:16:02.000Z",,"Overdue"
198,35,294,16,"2026-08-05T12:16:02.000Z","2026-08-19T12:16:02.000Z","2026-08-31T12:16:02.000Z","Returned"
199,133,342,3,"2026-08-06T12:16:02.000Z","2026-08-20T12:16:02.000Z","2026-08-21T12:16:02.000Z","Returned"
200,35,66,9,"2026-08-16T12:16:02.000Z","2026-08-30T12:16:02.000Z","2026-09-13T12:16:02.000Z","Returned"
201,121,207,8,"2026-08-20T12:16:02.000Z","2026-09-03T12:16:02.000Z","2026-09-15T12:16:02.000Z","Returned"
202,180,425,7,"2026-08-09T12:16:02.000Z","2026-08-23T12:16:02.000Z",,"Overdue"
203,139,65,14,"2026-08-22T12:16:02.000Z","2026-09-05T12:16:02.000Z","2026-09-08T12:16:02.000Z","Returned"
204,194,31,10,"2026-08-12T12:16:02.000Z","2026-08-26T12:16:02.000Z","2026-09-04T12:16:02.000Z","Returned"
205,186,96,12,"2026-08-18T12:16:02.000Z","2026-09-01T12:16:02.000Z",,"Overdue"
206,200,205,13,"2026-07-23T12:16:02.000Z","2026-08-06T12:16:02.000Z","2026-08-21T12:16:02.000Z","Returned"
207,101,125,7,"2026-09-03T12:16:02.000Z","2026-09-17T12:16:02.000Z","2026-10-01T12:16:02.000Z","Returned"
208,63,43,16,"2026-07-31T12:16:02.000Z","2026-08-14T12:16:02.000Z",,"Overdue"
209,64,180,8,"2026-07-28T12:16:02.000Z","2026-08-11T12:16:02.000Z","2026-08-18T12:16:02.000Z","Returned"
210,24,436,9,"2026-07-24T12:16:02.000Z","2026-08-07T12:16:02.000Z","2026-08-13T12:16:02.000Z","Returned"
211,198,220,12,"2026-07-24T12:16:02.000Z","2026-08-07T12:16:02.000Z","2026-08-19T12:16:02.000Z","Returned"
212,182,324,9,"2026-09-05T12:16:02.000Z","2026-09-19T12:16:02.000Z","2026-09-27T12:16:02.000Z","Returned"
213,69,139,8,"2026-09-11T12:16:02.000Z","2026-09-25T12:16:02.000Z",,"Overdue"
214,42,450,13,"2026-07-07T12:16:02.000Z","2026-07-21T12:16:02.000Z",,"Overdue"
215,55,35,14,"2026-08-15T12:16:02.000Z","2026-08-29T12:16:02.000Z","2026-09-12T12:16:02.000Z","Returned"
216,152,282,3,"2026-07-04T12:16:02.000Z","2026-07-18T12:16:02.000Z","2026-07-25T12:16:02.000Z","Returned"
217,66,191,9,"2026-08-30T12:16:02.000Z","2026-09-13T12:16:02.000Z",,"Overdue"
218,84,398,11,"2026-08-07T12:16:02.000Z","2026-08-21T12:16:02.000Z","2026-09-03T12:16:02.000Z","Returned"
219,34,405,6,"2026-09-01T12:16:02.000Z","2026-09-15T12:16:02.000Z",,"Overdue"
220,122,424,5,"2026-09-07T12:16:02.000Z","2026-09-21T12:16:02.000Z",,"Overdue"
221,195,214,10,"2026-07-19T12:16:02.000Z","2026-08-02T12:16:02.000Z","2026-08-14T12:16:02.000Z","Returned"
222,87,243,13,"2026-08-01T12:16:02.000Z","2026-08-15T12:16:02.000Z","2026-08-29T12:16:02.000Z","Returned"
223,150,319,11,"2026-08-25T12:16:02.000Z","2026-09-08T12:16:02.000Z","2026-09-18T12:16:02.000Z","Returned"
224,43,120,3,"2026-07-26T12:16:02.000Z","2026-08-09T12:16:02.000Z",,"Overdue"
225,11,21,16,"2026-08-23T12:16:02.000Z","2026-09-06T12:16:02.000Z","2026-09-13T12:16:02.000Z","Returned"
226,100,199,8,"2026-08-08T12:16:02.000Z","2026-08-22T12:16:02.000Z",,"Overdue"
227,48,154,7,"2026-08-21T12:16:02.000Z","2026-09-04T12:16:02.000Z",,"Overdue"
228,16,387,16,"2026-08-23T12:16:02.000Z","2026-09-06T12:16:02.000Z",,"Overdue"
229,1,197,3,"2026-07-15T12:16:02.000Z","2026-07-29T12:16:02.000Z","2026-08-11T12:16:02.000Z","Returned"
230,22,59,8,"2026-07-14T12:16:02.000Z","2026-07-28T12:16:02.000Z",,"Overdue"
231,132,78,3,"2026-08-23T12:16:02.000Z","2026-09-06T12:16:02.000Z","2026-09-16T12:16:02.000Z","Returned"
232,136,24,12,"2026-08-22T12:16:02.000Z","2026-09-05T12:16:02.000Z","2026-09-11T12:16:02.000Z","Returned"
233,83,164,13,"2026-09-19T12:16:02.000Z","2026-10-03T12:16:02.000Z",,"Active"
234,191,421,6,"2026-08-07T12:16:02.000Z","2026-08-21T12:16:02.000Z","2026-08-26T12:16:02.000Z","Returned"
235,37,377,13,"2026-07-15T12:16:02.000Z","2026-07-29T12:16:02.000Z","2026-08-05T12:16:02.000Z","Returned"
236,44,419,15,"2026-07-12T12:16:02.000Z","2026-07-26T12:16:02.000Z","2026-07-27T12:16:02.000Z","Returned"
237,91,334,14,"2026-07-30T12:16:02.000Z","2026-08-13T12:16:02.000Z","2026-08-22T12:16:02.000Z","Returned"
238,142,366,14,"2026-09-14T12:16:02.000Z","2026-09-28T12:16:02.000Z",,"Active"
239,142,120,4,"2026-08-13T12:16:02.000Z","2026-08-27T12:16:02.000Z","2026-09-07T12:16:02.000Z","Returned"
240,117,406,9,"2026-08-13T12:16:02.000Z","2026-08-27T12:16:02.000Z",,"Overdue"
241,59,339,5,"2026-09-22T12:16:02.000Z","2026-10-06T12:16:02.000Z",,"Active"
242,31,413,7,"2026-08-12T12:16:02.000Z","2026-08-26T12:16:02.000Z","2026-08-31T12:16:02.000Z","Returned"
243,9,158,11,"2026-08-09T12:16:02.000Z","2026-08-23T12:16:02.000Z","2026-09-05T12:16:02.000Z","Returned"
244,201,282,11,"2026-08-04T12:16:02.000Z","2026-08-18T12:16:02.000Z","2026-08-25T12:16:02.000Z","Returned"
245,191,72,5,"2026-07-28T12:16:02.000Z","2026-08-11T12:16:02.000Z","2026-08-15T12:16:02.000Z","Returned"
246,84,316,7,"2026-08-02T12:16:02.000Z","2026-08-16T12:16:02.000Z",,"Overdue"
247,123,353,9,"2026-07-14T12:16:02.000Z","2026-07-28T12:16:02.000Z",,"Overdue"
248,27,276,11,"2026-08-05T12:16:02.000Z","2026-08-19T12:16:02.000Z",,"Overdue"
