MEMBERID,MEMBERNAME,ADDRESS,PHONE,EMAIL,MEMBERTYPE,DATEJOINED
172,"Uma Vance","171 Maple Ave, City District","555-5071","uma.vance71@mail.com","Student","2023-04-03T12:16:01.000Z"
173,"Victor Davis","172 Maple Ave, City District","555-5072","victor.davis72@mail.com","Regular","2023-10-22T12:16:01.000Z"
174,"Wendy King","173 Maple Ave, City District","555-5073","wendy.king73@mail.com","Premium","2025-05-29T12:16:01.000Z"
175,"Xavier Reed","174 Maple Ave, City District","555-5074","xavier.reed74@mail.com","Student","2024-01-07T12:16:01.000Z"
176,"Yasmin Young","175 Maple Ave, City District","555-5075","yasmin.young75@mail.com","Regular","2026-07-09T12:16:01.000Z"
177,"Alice Green","176 Maple Ave, City District","555-5076","alice.green76@mail.com","Premium","2023-12-31T12:16:01.000Z"
178,"Brian Nelson","177 Maple Ave, City District","555-5077","brian.nelson77@mail.com","Student","2022-05-08T12:16:01.000Z"
179,"Clara Underwood","178 Maple Ave, City District","555-5078","clara.underwood78@mail.com","Regular","2022-04-06T12:16:01.000Z"
180,"David Carter","179 Maple Ave, City District","555-5079","david.carter79@mail.com","Premium","2023-03-05T12:16:01.000Z"
181,"Elena Jenkins","180 Maple Ave, City District","555-5080","elena.jenkins80@mail.com","Student","2023-09-14T12:16:01.000Z"
182,"Frank Quinn","181 Maple Ave, City District","555-5081","frank.quinn81@mail.com","Regular","2022-05-10T12:16:01.000Z"
183,"Grace Xavier","182 Maple Ave, City District","555-5082","grace.xavier82@mail.com","Premium","2023-04-19T12:16:01.000Z"
184,"Henry Foster","183 Maple Ave, City District","555-5083","henry.foster83@mail.com","Student","2024-09-26T12:16:01.000Z"
185,"Isabel Morgan","184 Maple Ave, City District","555-5084","isabel.morgan84@mail.com","Regular","2022-05-05T12:16:01.000Z"
186,"Jack Turner","185 Maple Ave, City District","555-5085","jack.turner85@mail.com","Premium","2025-02-02T12:16:01.000Z"
187,"Karen Baker","186 Maple Ave, City District","555-5086","karen.baker86@mail.com","Student","2025-10-03T12:16:01.000Z"
188,"Liam Ingram","187 Maple Ave, City District","555-5087","liam.ingram87@mail.com","Regular","2025-05-03T12:16:01.000Z"
189,"Mia Parker","188 Maple Ave, City District","555-5088","mia.parker88@mail.com","Premium","2024-07-22T12:16:01.000Z"
190,"Noah Walsh","189 Maple Ave, City District","555-5089","noah.walsh89@mail.com","Student","2026-02-06T12:16:01.000Z"
191,"Olivia Evans","190 Maple Ave, City District","555-5090","olivia.evans90@mail.com","Regular","2022-05-06T12:16:01.000Z"
192,"Peter Lewis","191 Maple Ave, City District","555-5091","peter.lewis91@mail.com","Premium","2025-11-11T12:16:01.000Z"
193,"Quinn Scott","192 Maple Ave, City District","555-5092","quinn.scott92@mail.com","Student","2023-10-06T12:16:01.000Z"
194,"Rachel Adams","193 Maple Ave, City District","555-5093","rachel.adams93@mail.com","Regular","2024-05-15T12:16:01.000Z"
195,"Samuel Harris","194 Maple Ave, City District","555-5094","samuel.harris94@mail.com","Premium","2025-07-20T12:16:01.000Z"
196,"Tina Owen","195 Maple Ave, City District","555-5095","tina.owen95@mail.com","Student","2023-08-28T12:16:01.000Z"
197,"Uma Vance","196 Maple Ave, City District","555-5096","uma.vance96@mail.com","Regular","2023-11-29T12:16:01.000Z"
198,"Victor Davis","197 Maple Ave, City District","555-5097","victor.davis97@mail.com","Premium","2026-01-30T12:16:01.000Z"
199,"Wendy King","198 Maple Ave, City District","555-5098","wendy.king98@mail.com","Student","2023-09-18T12:16:01.000Z"
200,"Xavier Reed","199 Maple Ave, City District","555-5099","xavier.reed99@mail.com","Regular","2022-03-07T12:16:01.000Z"
201,"Yasmin Young","200 Maple Ave, City District","555-5100","yasmin.young100@mail.com","Premium","2022-06-06T12:16:01.000Z"
205,"No Type Member",,,,"InvalidType","2026-09-29T14:19:48.000Z"
1,"Rahul Kumar","Hostel A, Room 101","9876500001","rahul@student.edu","Student","2026-04-02T06:22:53.000Z"
2,"Priya Singh","Hostel B, Room 202","9876500002","priya@student.edu","Student","2026-06-01T06:22:53.000Z"
3,"Dr. Vikram Patel","Faculty Quarters, Q-12","9876500003","vikram@faculty.edu","Regular","2024-07-21T06:22:53.000Z"
101,"Test Member",,,"test@test.com","Regular","2026-09-29T12:04:44.000Z"
4,"Member Name 4","123 Main St","555-0004","member4@test.com","Regular","2026-09-25T09:58:32.000Z"
5,"Member Name 5","123 Main St","555-0005","member5@test.com","Regular","2026-09-24T09:58:32.000Z"
6,"Member Name 6","123 Main St","555-0006","member6@test.com","Regular","2026-09-23T09:58:32.000Z"
7,"Member Name 7","123 Main St","555-0007","member7@test.com","Regular","2026-09-22T09:58:32.000Z"
8,"Member Name 8","123 Main St","555-0008","member8@test.com","Regular","2026-09-21T09:58:32.000Z"
9,"Member Name 9","123 Main St","555-0009","member9@test.com","Regular","2026-09-20T09:58:32.000Z"
10,"Member Name 10","123 Main St","555-0010","member10@test.com","Regular","2026-09-19T09:58:32.000Z"
11,"Member Name 11","123 Main St","555-0011","member11@test.com","Regular","2026-09-18T09:58:32.000Z"
12,"Member Name 12","123 Main St","555-0012","member12@test.com","Regular","2026-09-17T09:58:32.000Z"
13,"Member Name 13","123 Main St","555-0013","member13@test.com","Regular","2026-09-16T09:58:32.000Z"
14,"Member Name 14","123 Main St","555-0014","member14@test.com","Regular","2026-09-15T09:58:32.000Z"
15,"Member Name 15","123 Main St","555-0015","member15@test.com","Regular","2026-09-14T09:58:32.000Z"
16,"Member Name 16","123 Main St","555-0016","member16@test.com","Regular","2026-09-13T09:58:32.000Z"
17,"Member Name 17","123 Main St","555-0017","member17@test.com","Regular","2026-09-12T09:58:32.000Z"
18,"Member Name 18","123 Main St","555-0018","member18@test.com","Regular","2026-09-11T09:58:32.000Z"
19,"Member Name 19","123 Main St","555-0019","member19@test.com","Regular","2026-09-10T09:58:32.000Z"
20,"Member Name 20","123 Main St","555-0020","member20@test.com","Regular","2026-09-09T09:58:32.000Z"
21,"Member Name 21","123 Main St","555-0021","member21@test.com","Regular","2026-09-08T09:58:32.000Z"
22,"Member Name 22","123 Main St","555-0022","member22@test.com","Regular","2026-09-07T09:58:32.000Z"
23,"Member Name 23","123 Main St","555-0023","member23@test.com","Regular","2026-09-06T09:58:32.000Z"
24,"Member Name 24","123 Main St","555-0024","member24@test.com","Regular","2026-09-05T09:58:32.000Z"
25,"Member Name 25","123 Main St","555-0025","member25@test.com","Regular","2026-09-04T09:58:32.000Z"
26,"Member Name 26","123 Main St","555-0026","member26@test.com","Regular","2026-09-03T09:58:32.000Z"
27,"Member Name 27","123 Main St","555-0027","member27@test.com","Regular","2026-09-02T09:58:32.000Z"
28,"Member Name 28","123 Main St","555-0028","member28@test.com","Regular","2026-09-01T09:58:32.000Z"
29,"Member Name 29","123 Main St","555-0029","member29@test.com","Regular","2026-08-31T09:58:32.000Z"
30,"Member Name 30","123 Main St","555-0030","member30@test.com","Regular","2026-08-30T09:58:32.000Z"
31,"Member Name 31","123 Main St","555-0031","member31@test.com","Regular","2026-08-29T09:58:32.000Z"
32,"Member Name 32","123 Main St","555-0032","member32@test.com","Regular","2026-08-28T09:58:32.000Z"
33,"Member Name 33","123 Main St","555-0033","member33@test.com","Regular","2026-08-27T09:58:32.000Z"
34,"Member Name 34","123 Main St","555-0034","member34@test.com","Regular","2026-08-26T09:58:32.000Z"
35,"Member Name 35","123 Main St","555-0035","member35@test.com","Regular","2026-08-25T09:58:32.000Z"
36,"Member Name 36","123 Main St","555-0036","member36@test.com","Regular","2026-08-24T09:58:32.000Z"
37,"Member Name 37","123 Main St","555-0037","member37@test.com","Regular","2026-08-23T09:58:32.000Z"
38,"Member Name 38","123 Main St","555-0038","member38@test.com","Regular","2026-08-22T09:58:32.000Z"
39,"Member Name 39","123 Main St","555-0039","member39@test.com","Regular","2026-08-21T09:58:32.000Z"
40,"Member Name 40","123 Main St","555-0040","member40@test.com","Regular","2026-08-20T09:58:32.000Z"
41,"Member Name 41","123 Main St","555-0041","member41@test.com","Regular","2026-08-19T09:58:32.000Z"
42,"Member Name 42","123 Main St","555-0042","member42@test.com","Regular","2026-08-18T09:58:32.000Z"
43,"Member Name 43","123 Main St","555-0043","member43@test.com","Regular","2026-08-17T09:58:32.000Z"
44,"Member Name 44","123 Main St","555-0044","member44@test.com","Regular","2026-08-16T09:58:32.000Z"
45,"Member Name 45","123 Main St","555-0045","member45@test.com","Regular","2026-08-15T09:58:32.000Z"
46,"Member Name 46","123 Main St","555-0046","member46@test.com","Regular","2026-08-14T09:58:32.000Z"
47,"Member Name 47","123 Main St","555-0047","member47@test.com","Regular","2026-08-13T09:58:32.000Z"
48,"Member Name 48","123 Main St","555-0048","member48@test.com","Regular","2026-08-12T09:58:32.000Z"
49,"Member Name 49","123 Main St","555-0049","member49@test.com","Regular","2026-08-11T09:58:32.000Z"
50,"Member Name 50","123 Main St","555-0050","member50@test.com","Regular","2026-08-10T09:58:32.000Z"
51,"Member Name 51","123 Main St","555-0051","member51@test.com","Regular","2026-08-09T09:58:32.000Z"
52,"Member Name 52","123 Main St","555-0052","member52@test.com","Regular","2026-08-08T09:58:32.000Z"
53,"Member Name 53","123 Main St","555-0053","member53@test.com","Regular","2026-08-07T09:58:32.000Z"
54,"Member Name 54","123 Main St","555-0054","member54@test.com","Regular","2026-08-06T09:58:32.000Z"
55,"Member Name 55","123 Main St","555-0055","member55@test.com","Regular","2026-08-05T09:58:32.000Z"
56,"Member Name 56","123 Main St","555-0056","member56@test.com","Regular","2026-08-04T09:58:32.000Z"
57,"Member Name 57","123 Main St","555-0057","member57@test.com","Regular","2026-08-03T09:58:32.000Z"
58,"Member Name 58","123 Main St","555-0058","member58@test.com","Regular","2026-08-02T09:58:32.000Z"
59,"Member Name 59","123 Main St","555-0059","member59@test.com","Regular","2026-08-01T09:58:32.000Z"
60,"Member Name 60","123 Main St","555-0060","member60@test.com","Regular","2026-07-31T09:58:32.000Z"
61,"Member Name 61","123 Main St","555-0061","member61@test.com","Regular","2026-07-30T09:58:32.000Z"
62,"Member Name 62","123 Main St","555-0062","member62@test.com","Regular","2026-07-29T09:58:32.000Z"
63,"Member Name 63","123 Main St","555-0063","member63@test.com","Regular","2026-07-28T09:58:32.000Z"
64,"Member Name 64","123 Main St","555-0064","member64@test.com","Regular","2026-07-27T09:58:32.000Z"
65,"Member Name 65","123 Main St","555-0065","member65@test.com","Regular","2026-07-26T09:58:32.000Z"
66,"Member Name 66","123 Main St","555-0066","member66@test.com","Regular","2026-07-25T09:58:32.000Z"
67,"Member Name 67","123 Main St","555-0067","member67@test.com","Regular","2026-07-24T09:58:32.000Z"
68,"Member Name 68","123 Main St","555-0068","member68@test.com","Regular","2026-07-23T09:58:32.000Z"
69,"Member Name 69","123 Main St","555-0069","member69@test.com","Regular","2026-07-22T09:58:32.000Z"
70,"Member Name 70","123 Main St","555-0070","member70@test.com","Regular","2026-07-21T09:58:32.000Z"
71,"Member Name 71","123 Main St","555-0071","member71@test.com","Regular","2026-07-20T09:58:32.000Z"
72,"Member Name 72","123 Main St","555-0072","member72@test.com","Regular","2026-07-19T09:58:32.000Z"
73,"Member Name 73","123 Main St","555-0073","member73@test.com","Regular","2026-07-18T09:58:32.000Z"
74,"Member Name 74","123 Main St","555-0074","member74@test.com","Regular","2026-07-17T09:58:32.000Z"
75,"Member Name 75","123 Main St","555-0075","member75@test.com","Regular","2026-07-16T09:58:32.000Z"
76,"Member Name 76","123 Main St","555-0076","member76@test.com","Regular","2026-07-15T09:58:32.000Z"
77,"Member Name 77","123 Main St","555-0077","member77@test.com","Regular","2026-07-14T09:58:32.000Z"
78,"Member Name 78","123 Main St","555-0078","member78@test.com","Regular","2026-07-13T09:58:32.000Z"
79,"Member Name 79","123 Main St","555-0079","member79@test.com","Regular","2026-07-12T09:58:32.000Z"
80,"Member Name 80","123 Main St","555-0080","member80@test.com","Regular","2026-07-11T09:58:32.000Z"
81,"Member Name 81","123 Main St","555-0081","member81@test.com","Regular","2026-07-10T09:58:32.000Z"
82,"Member Name 82","123 Main St","555-0082","member82@test.com","Regular","2026-07-09T09:58:32.000Z"
83,"Member Name 83","123 Main St","555-0083","member83@test.com","Regular","2026-07-08T09:58:32.000Z"
84,"Member Name 84","123 Main St","555-0084","member84@test.com","Regular","2026-07-07T09:58:32.000Z"
85,"Member Name 85","123 Main St","555-0085","member85@test.com","Regular","2026-07-06T09:58:32.000Z"
86,"Member Name 86","123 Main St","555-0086","member86@test.com","Regular","2026-07-05T09:58:32.000Z"
87,"Member Name 87","123 Main St","555-0087","member87@test.com","Regular","2026-07-04T09:58:32.000Z"
88,"Member Name 88","123 Main St","555-0088","member88@test.com","Regular","2026-07-03T09:58:32.000Z"
89,"Member Name 89","123 Main St","555-0089","member89@test.com","Regular","2026-07-02T09:58:32.000Z"
90,"Member Name 90","123 Main St","555-0090","member90@test.com","Regular","2026-07-01T09:58:32.000Z"
91,"Member Name 91","123 Main St","555-0091","member91@test.com","Regular","2026-06-30T09:58:32.000Z"
92,"Member Name 92","123 Main St","555-0092","member92@test.com","Regular","2026-06-29T09:58:32.000Z"
93,"Member Name 93","123 Main St","555-0093","member93@test.com","Regular","2026-06-28T09:58:32.000Z"
94,"Member Name 94","123 Main St","555-0094","member94@test.com","Regular","2026-06-27T09:58:32.000Z"
95,"Member Name 95","123 Main St","555-0095","member95@test.com","Regular","2026-06-26T09:58:32.000Z"
96,"Member Name 96","123 Main St","555-0096","member96@test.com","Regular","2026-06-25T09:58:32.000Z"
97,"Member Name 97","123 Main St","555-0097","member97@test.com","Regular","2026-06-24T09:58:32.000Z"
98,"Member Name 98","123 Main St","555-0098","member98@test.com","Regular","2026-06-23T09:58:32.000Z"
99,"Member Name 99","123 Main St","555-0099","member99@test.com","Regular","2026-06-22T09:58:32.000Z"
100,"Member Name 100","123 Main St","555-0100","member100@test.com","Regular","2026-06-21T09:58:32.000Z"
102,"Alice Green","101 Maple Ave, City District","555-5001","alice.green1@mail.com","Premium","2024-02-11T12:16:01.000Z"
103,"Brian Nelson","102 Maple Ave, City District","555-5002","brian.nelson2@mail.com","Student","2023-03-23T12:16:01.000Z"
104,"Clara Underwood","103 Maple Ave, City District","555-5003","clara.underwood3@mail.com","Regular","2024-02-17T12:16:01.000Z"
105,"David Carter","104 Maple Ave, City District","555-5004","david.carter4@mail.com","Premium","2025-11-21T12:16:01.000Z"
106,"Elena Jenkins","105 Maple Ave, City District","555-5005","elena.jenkins5@mail.com","Student","2022-02-12T12:16:01.000Z"
107,"Frank Quinn","106 Maple Ave, City District","555-5006","frank.quinn6@mail.com","Regular","2026-05-23T12:16:01.000Z"
108,"Grace Xavier","107 Maple Ave, City District","555-5007","grace.xavier7@mail.com","Premium","2023-05-18T12:16:01.000Z"
109,"Henry Foster","108 Maple Ave, City District","555-5008","henry.foster8@mail.com","Student","2024-06-08T12:16:01.000Z"
110,"Isabel Morgan","109 Maple Ave, City District","555-5009","isabel.morgan9@mail.com","Regular","2025-06-22T12:16:01.000Z"
111,"Jack Turner","110 Maple Ave, City District","555-5010","jack.turner10@mail.com","Premium","2024-11-07T12:16:01.000Z"
112,"Karen Baker","111 Maple Ave, City District","555-5011","karen.baker11@mail.com","Student","2024-01-03T12:16:01.000Z"
113,"Liam Ingram","112 Maple Ave, City District","555-5012","liam.ingram12@mail.com","Regular","2024-09-03T12:16:01.000Z"
114,"Mia Parker","113 Maple Ave, City District","555-5013","mia.parker13@mail.com","Premium","2023-05-30T12:16:01.000Z"
115,"Noah Walsh","114 Maple Ave, City District","555-5014","noah.walsh14@mail.com","Student","2025-01-06T12:16:01.000Z"
116,"Olivia Evans","115 Maple Ave, City District","555-5015","olivia.evans15@mail.com","Regular","2022-03-08T12:16:01.000Z"
117,"Peter Lewis","116 Maple Ave, City District","555-5016","peter.lewis16@mail.com","Premium","2023-10-16T12:16:01.000Z"
118,"Quinn Scott","117 Maple Ave, City District","555-5017","quinn.scott17@mail.com","Student","2024-09-05T12:16:01.000Z"
119,"Rachel Adams","118 Maple Ave, City District","555-5018","rachel.adams18@mail.com","Regular","2023-03-27T12:16:01.000Z"
120,"Samuel Harris","119 Maple Ave, City District","555-5019","samuel.harris19@mail.com","Premium","2021-11-06T12:16:01.000Z"
121,"Tina Owen","120 Maple Ave, City District","555-5020","tina.owen20@mail.com","Student","2021-11-22T12:16:01.000Z"
122,"Uma Vance","121 Maple Ave, City District","555-5021","uma.vance21@mail.com","Regular","2026-05-26T12:16:01.000Z"
123,"Victor Davis","122 Maple Ave, City District","555-5022","victor.davis22@mail.com","Premium","2024-05-07T12:16:01.000Z"
124,"Wendy King","123 Maple Ave, City District","555-5023","wendy.king23@mail.com","Student","2024-03-16T12:16:01.000Z"
125,"Xavier Reed","124 Maple Ave, City District","555-5024","xavier.reed24@mail.com","Regular","2026-01-29T12:16:01.000Z"
126,"Yasmin Young","125 Maple Ave, City District","555-5025","yasmin.young25@mail.com","Premium","2024-02-21T12:16:01.000Z"
127,"Alice Green","126 Maple Ave, City District","555-5026","alice.green26@mail.com","Student","2024-06-06T12:16:01.000Z"
128,"Brian Nelson","127 Maple Ave, City District","555-5027","brian.nelson27@mail.com","Regular","2023-11-09T12:16:01.000Z"
129,"Clara Underwood","128 Maple Ave, City District","555-5028","clara.underwood28@mail.com","Premium","2023-03-21T12:16:01.000Z"
130,"David Carter","129 Maple Ave, City District","555-5029","david.carter29@mail.com","Student","2023-11-06T12:16:01.000Z"
131,"Elena Jenkins","130 Maple Ave, City District","555-5030","elena.jenkins30@mail.com","Regular","2025-01-15T12:16:01.000Z"
132,"Frank Quinn","131 Maple Ave, City District","555-5031","frank.quinn31@mail.com","Premium","2022-12-30T12:16:01.000Z"
133,"Grace Xavier","132 Maple Ave, City District","555-5032","grace.xavier32@mail.com","Student","2025-07-23T12:16:01.000Z"
134,"Henry Foster","133 Maple Ave, City District","555-5033","henry.foster33@mail.com","Regular","2025-05-18T12:16:01.000Z"
135,"Isabel Morgan","134 Maple Ave, City District","555-5034","isabel.morgan34@mail.com","Premium","2026-08-05T12:16:01.000Z"
136,"Jack Turner","135 Maple Ave, City District","555-5035","jack.turner35@mail.com","Student","2026-07-24T12:16:01.000Z"
137,"Karen Baker","136 Maple Ave, City District","555-5036","karen.baker36@mail.com","Regular","2023-07-13T12:16:01.000Z"
138,"Liam Ingram","137 Maple Ave, City District","555-5037","liam.ingram37@mail.com","Premium","2025-08-27T12:16:01.000Z"
139,"Mia Parker","138 Maple Ave, City District","555-5038","mia.parker38@mail.com","Student","2026-06-23T12:16:01.000Z"
140,"Noah Walsh","139 Maple Ave, City District","555-5039","noah.walsh39@mail.com","Regular","2024-01-12T12:16:01.000Z"
141,"Olivia Evans","140 Maple Ave, City District","555-5040","olivia.evans40@mail.com","Premium","2026-02-15T12:16:01.000Z"
142,"Peter Lewis","141 Maple Ave, City District","555-5041","peter.lewis41@mail.com","Student","2025-10-15T12:16:01.000Z"
143,"Quinn Scott","142 Maple Ave, City District","555-5042","quinn.scott42@mail.com","Regular","2023-12-28T12:16:01.000Z"
144,"Rachel Adams","143 Maple Ave, City District","555-5043","rachel.adams43@mail.com","Premium","2023-12-26T12:16:01.000Z"
145,"Samuel Harris","144 Maple Ave, City District","555-5044","samuel.harris44@mail.com","Student","2026-06-11T12:16:01.000Z"
146,"Tina Owen","145 Maple Ave, City District","555-5045","tina.owen45@mail.com","Regular","2024-04-05T12:16:01.000Z"
147,"Uma Vance","146 Maple Ave, City District","555-5046","uma.vance46@mail.com","Premium","2024-08-30T12:16:01.000Z"
148,"Victor Davis","147 Maple Ave, City District","555-5047","victor.davis47@mail.com","Student","2024-09-18T12:16:01.000Z"
149,"Wendy King","148 Maple Ave, City District","555-5048","wendy.king48@mail.com","Regular","2023-10-05T12:16:01.000Z"
150,"Xavier Reed","149 Maple Ave, City District","555-5049","xavier.reed49@mail.com","Premium","2026-03-23T12:16:01.000Z"
151,"Yasmin Young","150 Maple Ave, City District","555-5050","yasmin.young50@mail.com","Student","2024-08-01T12:16:01.000Z"
152,"Alice Green","151 Maple Ave, City District","555-5051","alice.green51@mail.com","Regular","2026-02-07T12:16:01.000Z"
153,"Brian Nelson","152 Maple Ave, City District","555-5052","brian.nelson52@mail.com","Premium","2023-05-03T12:16:01.000Z"
154,"Clara Underwood","153 Maple Ave, City District","555-5053","clara.underwood53@mail.com","Student","2025-02-26T12:16:01.000Z"
155,"David Carter","154 Maple Ave, City District","555-5054","david.carter54@mail.com","Regular","2021-11-11T12:16:01.000Z"
156,"Elena Jenkins","155 Maple Ave, City District","555-5055","elena.jenkins55@mail.com","Premium","2024-07-30T12:16:01.000Z"
157,"Frank Quinn","156 Maple Ave, City District","555-5056","frank.quinn56@mail.com","Student","2026-06-09T12:16:01.000Z"
158,"Grace Xavier","157 Maple Ave, City District","555-5057","grace.xavier57@mail.com","Regular","2025-11-03T12:16:01.000Z"
159,"Henry Foster","158 Maple Ave, City District","555-5058","henry.foster58@mail.com","Premium","2026-03-03T12:16:01.000Z"
160,"Isabel Morgan","159 Maple Ave, City District","555-5059","isabel.morgan59@mail.com","Student","2022-06-12T12:16:01.000Z"
161,"Jack Turner","160 Maple Ave, City District","555-5060","jack.turner60@mail.com","Regular","2024-02-24T12:16:01.000Z"
162,"Karen Baker","161 Maple Ave, City District","555-5061","karen.baker61@mail.com","Premium","2024-10-08T12:16:01.000Z"
163,"Liam Ingram","162 Maple Ave, City District","555-5062","liam.ingram62@mail.com","Student","2024-07-22T12:16:01.000Z"
164,"Mia Parker","163 Maple Ave, City District","555-5063","mia.parker63@mail.com","Regular","2023-05-03T12:16:01.000Z"
165,"Noah Walsh","164 Maple Ave, City District","555-5064","noah.walsh64@mail.com","Premium","2024-03-11T12:16:01.000Z"
166,"Olivia Evans","165 Maple Ave, City District","555-5065","olivia.evans65@mail.com","Student","2024-10-13T12:16:01.000Z"
167,"Peter Lewis","166 Maple Ave, City District","555-5066","peter.lewis66@mail.com","Regular","2023-11-27T12:16:01.000Z"
168,"Quinn Scott","167 Maple Ave, City District","555-5067","quinn.scott67@mail.com","Premium","2026-05-22T12:16:01.000Z"
169,"Rachel Adams","168 Maple Ave, City District","555-5068","rachel.adams68@mail.com","Student","2022-05-26T12:16:01.000Z"
170,"Samuel Harris","169 Maple Ave, City District","555-5069","samuel.harris69@mail.com","Regular","2024-10-30T12:16:01.000Z"
171,"Tina Owen","170 Maple Ave, City District","555-5070","tina.owen70@mail.com","Premium","2024-05-25T12:16:01.000Z"
