PAYMENTID,FINEID,MEMBERID,AMOUNT,PAYMENTDATE,PAYMENTMODE
66,4,,48,"2024-09-27T18:30:00.000Z","Cash"
67,9,,33,"2026-09-28T18:30:00.000Z","Cash"
68,10,,31,"2026-09-28T18:30:00.000Z","Cash"
2,3,,10,"2026-09-22T17:13:21.000Z","Credit Card"
3,8,,32,"2026-09-21T19:16:22.000Z","Credit Card"
4,29,,37,"2026-09-26T15:53:07.000Z","Credit Card"
5,8,,31,"2026-09-23T18:40:19.000Z","Credit Card"
6,30,,42,"2026-09-27T06:05:00.000Z","Credit Card"
7,21,,9,"2026-09-27T02:19:38.000Z","Credit Card"
8,1,,43,"2026-09-22T09:32:01.000Z","Credit Card"
9,8,,15,"2026-09-23T07:44:33.000Z","Credit Card"
10,11,,9,"2026-09-25T07:27:16.000Z","Credit Card"
11,11,,47,"2026-09-25T12:24:24.000Z","Credit Card"
12,5,,39,"2026-09-19T14:46:45.000Z","Credit Card"
13,29,,14,"2026-09-27T04:00:46.000Z","Credit Card"
14,19,,14,"2026-09-20T21:18:44.000Z","Credit Card"
15,3,,8,"2026-09-19T11:27:32.000Z","Credit Card"
16,11,,42,"2026-09-19T10:18:07.000Z","Credit Card"
17,21,,11,"2026-09-27T07:15:37.000Z","Credit Card"
18,1,,24,"2026-09-26T03:39:46.000Z","Credit Card"
19,29,,47,"2026-09-24T14:43:54.000Z","Credit Card"
20,19,,14,"2026-09-26T23:53:10.000Z","Credit Card"
21,21,,19,"2026-09-21T09:32:57.000Z","Credit Card"
22,19,,37,"2026-09-23T04:19:39.000Z","Credit Card"
23,30,,6,"2026-09-24T18:13:44.000Z","Credit Card"
24,21,,9,"2026-09-24T08:47:18.000Z","Credit Card"
25,6,,14,"2026-09-23T22:14:41.000Z","Credit Card"
26,30,,46,"2026-09-23T06:32:43.000Z","Credit Card"
27,23,,13,"2026-09-25T10:57:22.000Z","Credit Card"
28,7,,40,"2026-09-24T01:08:29.000Z","Credit Card"
29,3,,23,"2026-09-26T13:15:47.000Z","Credit Card"
30,21,,45,"2026-09-23T06:58:12.000Z","Credit Card"
69,12,,49,"2024-09-27T18:30:00.000Z","Cash"
70,14,,41,"2024-09-27T18:30:00.000Z","Cash"
1,1,2,10,"2026-09-15T06:22:54.000Z","Cash"
31,107,163,28.03,"2026-09-16T12:16:03.000Z","Debit Card"
32,64,197,16.35,"2026-09-20T12:16:03.000Z","Cash"
33,99,152,63.88,"2026-09-22T12:16:03.000Z","Debit Card"
34,15,,46,"2026-09-18T12:16:03.000Z","Debit Card"
35,109,77,80.17,"2026-09-25T12:16:03.000Z","Credit Card"
36,71,184,81.2,"2026-09-25T12:16:03.000Z","Debit Card"
37,85,179,61.5,"2026-09-23T12:16:03.000Z","Credit Card"
38,105,83,26.72,"2026-09-19T12:16:03.000Z","Credit Card"
39,110,11,96.44,"2026-09-27T12:16:03.000Z","Online Transfer"
40,62,165,59.78,"2026-09-22T12:16:03.000Z","Online Transfer"
41,63,155,21.03,"2026-09-24T12:16:03.000Z","Debit Card"
42,56,134,53.58,"2026-09-21T12:16:03.000Z","Cash"
43,84,92,37.79,"2026-09-18T12:16:03.000Z","Cash"
44,75,71,45.59,"2026-09-16T12:16:03.000Z","Debit Card"
45,73,54,65.92,"2026-09-25T12:16:03.000Z","Credit Card"
46,70,147,44.38,"2026-09-21T12:16:03.000Z","Online Transfer"
47,66,68,11.1,"2026-09-29T12:16:03.000Z","Online Transfer"
48,81,164,30.98,"2026-09-14T12:16:03.000Z","Credit Card"
49,101,141,57.8,"2026-09-27T12:16:03.000Z","Credit Card"
50,103,125,56.63,"2026-09-16T12:16:03.000Z","Debit Card"
51,65,182,71.24,"2026-09-16T12:16:03.000Z","Credit Card"
52,53,158,5.6,"2026-09-21T12:16:03.000Z","Credit Card"
53,74,152,64.27,"2026-09-25T12:16:03.000Z","Online Transfer"
54,96,84,69.73,"2026-09-28T12:16:03.000Z","Cash"
55,83,179,85.96,"2026-09-26T12:16:03.000Z","Debit Card"
56,55,36,51.97,"2026-09-24T12:16:03.000Z","Debit Card"
57,60,56,19.24,"2026-09-27T12:16:03.000Z","Cash"
58,13,,38,"2026-09-23T12:16:03.000Z","Credit Card"
59,97,41,66.85,"2026-09-17T12:16:03.000Z","Credit Card"
60,69,108,90.47,"2026-09-17T12:16:03.000Z","Credit Card"
61,92,19,62.82,"2026-09-26T12:16:03.000Z","Cash"
62,102,194,85.56,"2026-09-23T12:16:03.000Z","Online Transfer"
63,106,172,85.73,"2026-09-26T12:16:03.000Z","Online Transfer"
64,61,65,50.17,"2026-09-21T12:16:03.000Z","Credit Card"
65,94,144,42.13,"2026-09-23T12:16:03.000Z","Online Transfer"
