PUBLISHERID,PUBLISHERNAME,ADDRESS,PHONE,EMAIL
13,"Test Publisher Updated",,"555-8888","pub@workflow.com"
14,"Audit Pub 1790691587 Edited","123 Test St","555-9001","pub1790691587@test.com"
15,"Test Publisher Updated",,"555-8888","pub@workflow.com"
16,"Test Publisher Updated",,"555-8888","pub@workflow.com"
1,"Penguin Books India","Delhi, India","011-23456789","info@penguin.in"
2,"O'Reilly Media","California, USA","1-800-998-9938","contact@oreilly.com"
3,"Pearson Education","Noida, UP, India","0120-4190100","sales@pearson.com"
4,"HarperCollins","New York, USA","1-800-242-7737","info@harpercollins.com"
12,"Test Publisher Updated",,"555-8888","pub@workflow.com"
5,"Knopf","1745 Broadway, New York","212-751-2601","info@knopf.com"
6,"Little, Brown","1290 Avenue of Americas, NY","212-364-1100","info@littlebrown.com"
7,"Hodder Stoughton","338 Euston Road, London","020-7873-6000","books@hodder.co.uk"
8,"Penguin Books","375 Hudson Street, New York","212-366-2000","info@penguin.com"
9,"Scribner","1230 Avenue of Americas, NY","212-698-7000","info@scribner.com"
10,"Farrar Straus Giroux","18 West 18th Street, New York","212-741-6900","info@fsg.com"
11,"Grove Press","841 Broadway, New York","212-614-7850","info@grovepress.com"
