RESERVATIONID,MEMBERID,BOOKID,RESERVATIONDATE,STATUS
3,,30,"2026-09-26T09:41:27.000Z","Cancelled"
4,,16,"2026-09-05T09:41:27.000Z","Cancelled"
5,,54,"2026-09-28T09:41:27.000Z","Cancelled"
6,,58,"2026-09-09T09:41:27.000Z","Cancelled"
7,,19,"2026-09-03T09:41:27.000Z","Pending"
10,,39,"2026-08-30T09:41:27.000Z","Pending"
12,,19,"2026-09-26T09:41:27.000Z","Pending"
13,,18,"2026-09-28T09:41:27.000Z","Cancelled"
14,,55,"2026-08-30T09:41:27.000Z","Fulfilled"
16,,30,"2026-09-28T09:41:27.000Z","Fulfilled"
18,,16,"2026-08-31T09:41:27.000Z","Pending"
19,,20,"2026-09-12T09:41:27.000Z","Fulfilled"
20,,18,"2026-09-21T09:41:27.000Z","Pending"
21,,58,"2026-09-01T09:41:27.000Z","Pending"
22,,43,"2026-09-12T09:41:27.000Z","Fulfilled"
24,,19,"2026-09-16T09:41:27.000Z","Fulfilled"
27,,9,"2026-09-18T09:41:27.000Z","Cancelled"
28,,43,"2026-09-08T09:41:27.000Z","Fulfilled"
29,,47,"2026-09-11T09:41:27.000Z","Pending"
30,,58,"2026-09-06T09:41:27.000Z","Cancelled"
71,173,10,"2024-09-27T18:30:00.000Z","Fulfilled"
73,173,10,"2024-09-27T18:30:00.000Z","Fulfilled"
74,173,10,"2024-09-27T18:30:00.000Z","Fulfilled"
1,1,2,"2026-09-24T06:22:53.000Z","Pending"
2,2,5,"2026-09-19T06:22:53.000Z","Fulfilled"
31,175,52,"2026-08-28T12:16:02.000Z","Pending"
32,47,85,"2026-08-27T12:16:02.000Z","Cancelled"
33,29,3,"2026-09-12T12:16:02.000Z","Fulfilled"
34,101,47,"2026-09-21T12:16:02.000Z","Pending"
35,106,118,"2026-09-24T12:16:02.000Z","Cancelled"
36,7,105,"2026-08-22T12:16:02.000Z","Fulfilled"
37,136,117,"2026-09-13T12:16:02.000Z","Pending"
38,78,67,"2026-09-07T12:16:02.000Z","Cancelled"
39,143,30,"2026-08-27T12:16:02.000Z","Fulfilled"
40,44,30,"2026-09-17T12:16:02.000Z","Pending"
41,201,20,"2026-09-08T12:16:02.000Z","Cancelled"
42,26,88,"2026-08-31T12:16:02.000Z","Fulfilled"
43,51,72,"2026-09-15T12:16:02.000Z","Pending"
44,144,5,"2026-09-15T12:16:02.000Z","Cancelled"
45,85,97,"2026-09-08T12:16:02.000Z","Fulfilled"
46,149,51,"2026-09-02T12:16:02.000Z","Pending"
47,63,87,"2026-09-01T12:16:02.000Z","Cancelled"
48,50,29,"2026-09-10T12:16:02.000Z","Fulfilled"
49,150,113,"2026-08-19T12:16:02.000Z","Pending"
50,189,67,"2026-09-17T12:16:02.000Z","Cancelled"
51,47,111,"2026-09-16T12:16:02.000Z","Fulfilled"
52,147,122,"2026-09-03T12:16:02.000Z","Pending"
53,198,5,"2026-08-22T12:16:02.000Z","Cancelled"
54,178,106,"2026-09-15T12:16:02.000Z","Fulfilled"
55,54,112,"2026-08-27T12:16:02.000Z","Pending"
56,140,67,"2026-09-18T12:16:02.000Z","Cancelled"
57,159,31,"2026-08-17T12:16:02.000Z","Fulfilled"
58,122,98,"2026-09-04T12:16:02.000Z","Pending"
59,117,40,"2026-08-22T12:16:02.000Z","Cancelled"
60,5,87,"2026-08-30T12:16:02.000Z","Fulfilled"
61,142,90,"2026-09-25T12:16:02.000Z","Pending"
62,178,107,"2026-09-21T12:16:02.000Z","Cancelled"
63,34,95,"2026-09-12T12:16:02.000Z","Fulfilled"
64,44,72,"2026-09-09T12:16:02.000Z","Pending"
65,28,103,"2026-08-24T12:16:02.000Z","Cancelled"
66,57,19,"2026-09-20T12:16:02.000Z","Fulfilled"
67,38,78,"2026-09-20T12:16:02.000Z","Pending"
68,129,82,"2026-08-20T12:16:02.000Z","Cancelled"
69,19,121,"2026-08-17T12:16:02.000Z","Fulfilled"
70,48,114,"2026-09-20T12:16:02.000Z","Pending"
