SUPPLIERID,SUPPLIERNAME,PHONE,EMAIL
3,"Academic Suppliers Inc","299-263-7567","contact@academicsuppliersinc.com"
4,"Premium Publishing Partners","572-798-3731","contact@premiumpublishingpartners.com"
5,"Rare Books Network","362-584-7106","contact@rarebooksnetwork.com"
6,"Library Logistics","715-475-7755","contact@librarylogistics.com"
7,"Speedy Books","204-830-4561","contact@speedybooks.com"
8,"Continental Suppliers","688-641-3413","contact@continentalsuppliers.com"
9,"Local Book Depot","263-329-1269","contact@localbookdepot.com"
10,"Online Books Wholesale","499-380-4710","contact@onlinebookswholesale.com"
11,"Audit Supplier 1790691587 Edited","555-6001","sup1790691587@supply.com"
1,"National Book Distributors","9876543210","sales@nbd.in"
2,"TechBooks India","9988776655","orders@techbooks.com"
