BOOKID,AUTHORID
1,1
2,2
3,3
4,5
5,4
10,63
62,32
63,61
64,48
65,36
66,45
67,58
68,34
69,13
69,47
70,55
70,61
71,1
72,6
73,23
74,43
75,2
76,12
76,52
77,17
78,49
79,17
79,60
80,17
81,14
82,54
83,23
84,15
84,50
85,4
86,12
87,5
88,54
89,1
90,56
91,9
92,4
93,5
93,20
94,41
94,46
95,27
96,31
97,31
97,42
98,51
99,19
100,19
100,36
101,37
102,50
103,12
104,57
105,19
105,59
106,1
106,19
107,16
108,14
109,45
110,12
110,18
111,21
112,4
112,48
113,21
114,28
115,35
116,16
117,6
118,22
119,42
120,20
120,37
121,7
122,54
